developer_id,normalized_developer
123 Games,123 games
123 games,123 games
35 GAMES,35 games
35 games,35 games
37GAMES,37games
37games,37games
404Error,404error
404error,404error
4KGAMES,4kgames
4KGames,4kgames
4U Games,4u games
4u Games,4u games
AAStudio,aastudio
AaStudio,aastudio
ABAPP,abapp
abapp,abapp
AbcGames,abcgames
Abcgames,abcgames
AC GAMES,ac games
Ac games,ac games
ACGames,acgames
AcGames,acgames
ACME GAMES,acme games
Acme Games,acme games
ADMGAMES,admgames
ADMGames,admgames
AG Entertainment,ag entertainment
AG entertainment,ag entertainment
AHA Games,aha games
Aha Games,aha games
AI Game Studio,ai game studio
Ai Game Studio,ai game studio
AI Games studio,ai games studio
Ai Games Studio,ai games studio
AIVA GAMES,aiva games
AIVA games,aiva games
AK GAMES,ak games
Ak Games,ak games
ALFa,alfa
Alfa,alfa
AliGame,aligame
aligame,aligame
AliGames,aligames
Aligames,aligames
ALL9FUN LIMITED,all9fun limited
ALL9FUN Limited,all9fun limited
ALLMOBILE,allmobile
ALLMobile,allmobile
ALO Games,alo games
ALO games,alo games
ALOB Games,alob games
Alob games,alob games
AMBER STUDIO,amber studio
Amber Studio,amber studio
Ambuj Mishra,ambuj mishra
ambuj mishra,ambuj mishra
Amine Apps,amine apps
Amine apps,amine apps
ANA,ana
AnA,ana
AND GAMES,and games
AND Games,and games
Android.Soft,android.soft
android.soft,android.soft
App Society,app society
App society,app society
AppLife,applife
Applife,applife
APPS INDUSTRY,apps industry
Apps Industry,apps industry
AppsHive,appshive
Appshive,appshive
AppsTree,appstree
Appstree,appstree
AquaGames,aquagames
Aquagames,aquagames
Arcade Games For Free,arcade games for free
arcade games for free,arcade games for free
ARCSTUDIO,arcstudio
ArcStudio,arcstudio
ARM Games Studio,arm games studio
Arm Games Studio,arm games studio
ARP GAMES,arp games
ARP Games,arp games
Arp Games,arp games
ARS GAMES,ars games
Ars Games,ars games
ASGames,asgames
ASgames,asgames
Ash Games,ash games
ash games,ash games
Ashutosh kumar,ashutosh kumar
ashutosh kumar,ashutosh kumar
AstroGames,astrogames
Astrogames,astrogames
ATA Games,ata games
Ata Games,ata games
ATB GAMES,atb games
ATB Games,atb games
ATLAS GAMES,atlas games
Atlas games,atlas games
AugustApp,augustapp
Augustapp,augustapp
AVA Games,ava games
Ava Games,ava games
AvaGames,avagames
Avagames,avagames
AX Games,ax games
Ax Games,ax games
AXE GAMES,axe games
Axe Games,axe games
AzGames,azgames
Azgames,azgames
Bamboo Games,bamboo games
bamboo games,bamboo games
BANANA STUDIO,banana studio
Banana Studio,banana studio
BDP Soft,bdp soft
BDP soft,bdp soft
BDR GAMES,bdr games
BdR Games,bdr games
Belee Games,belee games
Belee games,belee games
Bengames,bengames
benGAMES,bengames
BERO Games,bero games
Bero Games,bero games
BIG,big
BiG,big
BiGapps,bigapps
bigApps,bigapps
BirB Games,birb games
Birb Games,birb games
BiSon,bison
Bison,bison
BITtGames,bittgames
BittGames,bittgames
BlackCat,blackcat
Blackcat,blackcat
BLAZER Games,blazer games
Blazer Games,blazer games
BlowMind,blowmind
Blowmind,blowmind
Blue studios,blue studios
bLue Studios,blue studios
BMK Games,bmk games
Bmk Games,bmk games
BONO GAMES,bono games
Bono Games,bono games
BOOM GAME,boom game
Boom Game,boom game
BORISGAMES,borisgames
borisgames,borisgames
Born To Play,born to play
Born to Play,born to play
Boyugames,boyugames
boyugames,boyugames
BREAK TIME,break time
Break Time,break time
BREEZE GAMES,breeze games
Breeze Games,breeze games
BTD STUDIO,btd studio
BTD Studio,btd studio
BU ENTERTAINMENT,bu entertainment
BU Entertainment,bu entertainment
BubbleSoft,bubblesoft
bubbleSoft,bubblesoft
BUGS,bugs
Bugs,bugs
BURA,bura
bura,bura
CABGames,cabgames
CABgames,cabgames
Caliefthenics,caliefthenics
caliefthenics,caliefthenics
Captains,captains
captains,captains
CatGames,catgames
catGames,catgames
ChaseApps,chaseapps
Chaseapps,chaseapps
CHCORP,chcorp
ChCorp,chcorp
CHILLINGO,chillingo
Chillingo,chillingo
CodeBuzz,codebuzz
Codebuzz,codebuzz
CODED,coded
Coded,coded
Cosmos Games,cosmos games
Cosmos games,cosmos games
CrabGames,crabgames
Crabgames,crabgames
CREATIVE IDEAS,creative ideas
Creative ideas,creative ideas
CWGames,cwgames
CwGames,cwgames
CyberCell,cybercell
Cybercell,cybercell
D.Games,d.games
D.games,d.games
daLaMa,dalama
dalama,dalama
DayDreamer,daydreamer
Daydreamer,daydreamer
Daygames,daygames
daygames,daygames
DCS GAMES,dcs games
DCS Games,dcs games
DD GAME,dd game
DD Game,dd game
DevAppS,devapps
devApps,devapps
DeviX,devix
Devix,devix
DevMod,devmod
devmod,devmod
Digital Dreamers,digital dreamers
Digital dreamers,digital dreamers
Digital Vision,digital vision
Digital vision,digital vision
DiMa RyKo,dima ryko
Dima Ryko,dima ryko
DiZ Games,diz games
Diz Games,diz games
DJ-GAMES,dj-games
DJ-Games,dj-games
DMITRY S.,dmitry s.
Dmitry S.,dmitry s.
DoDo Game,dodo game
Dodo Game,dodo game
Dongdong,dongdong
dongdong,dongdong
DotJoy,dotjoy
Dotjoy,dotjoy
DoubleR,doubler
doubleR,doubler
DP-Games,dp-games
dp-games,dp-games
Dragon FaFa Technology Limited,dragon fafa technology limited
dragon fafa technology limited,dragon fafa technology limited
Dress Up Games For Girls,dress up games for girls
Dress Up Games for Girls,dress up games for girls
DRGAMES,drgames
DrGames,drgames
DrinKing Games,drinking games
Drinking games,drinking games
DS Studio,ds studio
ds studio,ds studio
DY DIGITAL,dy digital
DY Digital,dy digital
DZMITRY,dzmitry
Dzmitry,dzmitry
Easy Games Studio,easy games studio
Easy games studio,easy games studio
EasyFun,easyfun
Easyfun,easyfun
EE GAMES,ee games
EE Games,ee games
EG SOFTWARE,eg software
EG Software,eg software
EGames,egames
Egames,egames
EGG Studio,egg studio
Egg studio,egg studio
Eleven  Games,eleven games
Eleven Games,eleven games
ELF Games,elf games
Elf Games,elf games
Emerald Team,emerald team
Emerald team,emerald team
Emre KOÇ,emre koç
Emre Koç,emre koç
EO GAMES,eo games
EO Games,eo games
EraGame,eragame
Eragame,eragame
ERDEM OZTURK,erdem ozturk
Erdem Ozturk,erdem ozturk
ESC Games,esc games
Esc Games,esc games
ESPERO INC.,espero inc.
Espero Inc.,espero inc.
EvoApp,evoapp
evoApp,evoapp
EZAZUL HAQUE,ezazul haque
ezazul haque,ezazul haque
EZfun,ezfun
Ezfun,ezfun
EZGAMES,ezgames
EZGames,ezgames
FAD,fad
Fad,fad
FAMOUS GAMES INC,famous games inc
Famous Games Inc,famous games inc
Fashion Games For Girls,fashion games for girls
Fashion Games for Girls,fashion games for girls
Fatboy Games,fatboy games
fatBoy Games,fatboy games
FatCat Software,fatcat software
Fatcat Software,fatcat software
Fav games,fav games
fav games,fav games
Find The Difference Free,find the difference free
Find the Difference Free,find the difference free
FM Games,fm games
FM games,fm games
Forefinger,forefinger
forefinger,forefinger
FRAG,frag
Frag,frag
Free Games 123,free games 123
Free games 123,free games 123
Free Puzzle Games,free puzzle games
Free puzzle games,free puzzle games
Freeze Games,freeze games
Freeze games,freeze games
Fun Arcade Games,fun arcade games
fun arcade games,fun arcade games
FUN GAMES FREE,fun games free
Fun Games Free,fun games free
Fun Games free,fun games free
Fuzzy Studio,fuzzy studio
fuzzy studio,fuzzy studio
GA Software,ga software
GA software,ga software
GABGAMES,gabgames
Gabgames,gabgames
Game App Studio,game app studio
Game app studio,game app studio
Game Crazy,game crazy
Game crazy,game crazy
Game Valley,game valley
game valley,game valley
GAME-DEV,game-dev
Game-dev,game-dev
GAMEable,gameable
GameAble,gameable
GAMECAFE,gamecafe
Gamecafe,gamecafe
GameCode,gamecode
Gamecode,gamecode
GameDream,gamedream
Gamedream,gamedream
GAMEE,gamee
Gamee,gamee
GAMEFARM,gamefarm
GameFarm,gamefarm
Gameone,gameone
gameone,gameone
GAMEPOD,gamepod
GamePod,gamepod
GAMES FOR YOU,games for you
Games for you,games for you
GameZo,gamezo
Gamezo,gamezo
GamoVation,gamovation
Gamovation,gamovation
GB Games,gb games
GB games,gb games
GB STUDIO,gb studio
GB Studio,gb studio
GBASOFT,gbasoft
gBaSoft,gbasoft
GG GAMES,gg games
GG Games,gg games
GK APPS,gk apps
GK Apps,gk apps
GLACIER GAMES,glacier games
Glacier Games,glacier games
GLASSES,glasses
Glasses,glasses
GLITCH,glitch
glitch,glitch
GNsoft,gnsoft
Gnsoft,gnsoft
GOAT Games,goat games
Goat Games,goat games
GoldInGames,goldingames
GoldinGames,goldingames
Good Fun Games,good fun games
good fun games,good fun games
GP GAMES,gp games
GP Games,gp games
GravityApps,gravityapps
Gravityapps,gravityapps
GSI,gsi
GSi,gsi
HABS,habs
Habs,habs
HAPPY GAMES,happy games
Happy Games,happy games
Hapy Games,hapy games
hapy games,hapy games
HARMONIX,harmonix
Harmonix,harmonix
HB GAME STUDIO,hb game studio
HB Game Studio,hb game studio
HI GAMES,hi games
Hi Games,hi games
HIT Apps,hit apps
hit apps,hit apps
HIT GAMES,hit games
HIT Games,hit games
Hola Games,hola games
hola games,hola games
HOWSoniar,howsoniar
HowSoniar,howsoniar
HStudio,hstudio
Hstudio,hstudio
HYPER CASUAL GAMES,hyper casual games
Hyper casual games,hyper casual games
HyperPlay,hyperplay
Hyperplay,hyperplay
i7 Games,i7 games
i7 games,i7 games
Imastudio,imastudio
imastudio,imastudio
Indie Dev,indie dev
Indie dev,indie dev
INFINITY STUDIO,infinity studio
Infinity Studio,infinity studio
InGames,ingames
inGames,ingames
ingames,ingames
INO,ino
Ino,ino
J&J Games,j&j games
J&J games,j&j games
JA Games,ja games
Ja Games,ja games
Jeux de Mots,jeux de mots
jeux de mots,jeux de mots
Jigsaw Puzzle Games,jigsaw puzzle games
jigsaw puzzle games,jigsaw puzzle games
JK games,jk games
Jk Games,jk games
Journey Lab,journey lab
Journey lab,journey lab
JT Lab,jt lab
Jt lab,jt lab
Just Some Games,just some games
just some games,just some games
JWGames,jwgames
JWgames,jwgames
KASSIS,kassis
Kassis,kassis
KBOX,kbox
KBox,kbox
Kids Toys,kids toys
kids toys,kids toys
King game,king game
king game,king game
Kiwi Soft,kiwi soft
kiwi soft,kiwi soft
KOKO Games,koko games
Koko Games,koko games
Koramgame,koramgame
koramgame,koramgame
Kuzgun,kuzgun
kuzgun,kuzgun
KVE,kve
kve,kve
KWEZIT games,kwezit games
Kwezit Games,kwezit games
LB GAMES,lb games
LB Games,lb games
LEMON GAME,lemon game
Lemon Game,lemon game
Leo Games,leo games
leo games,leo games
LeoGame,leogame
Leogame,leogame
Let's play,let's play
let's play,let's play
LIB,lib
Lib,lib
Lime Games,lime games
Lime games,lime games
LiteApp Studio,liteapp studio
Liteapp Studio,liteapp studio
LittleEndian,littleendian
littleendian,littleendian
LOVE GAME,love game
Love Game,love game
LUDO GAME,ludo game
Ludo Game,ludo game
Luis Bonilla,luis bonilla
luis bonilla,luis bonilla
M.S.Apps,m.s.apps
m.s.apps,m.s.apps
M.Soft,m.soft
m.soft,m.soft
MAAD,maad
maad,maad
MACA Games,maca games
Maca Games,maca games
MAD Apps,mad apps
MAD apps,mad apps
Mad Pixel,mad pixel
Mad pixel,mad pixel
MADSTUDIOS,madstudios
MadStudios,madstudios
MAG GAMES,mag games
MAG Games,mag games
Mahjong Solitaire,mahjong solitaire
mahjong solitaire,mahjong solitaire
MANA,mana
Mana,mana
ManGo,mango
MangO,mango
Mangolee,mangolee
mangolee,mangolee
Mataki,mataki
mataki,mataki
Match 3 Puzzle,match 3 puzzle
Match 3 puzzle,match 3 puzzle
MATEJ&co,matej&co
Matej&co,matej&co
Mayonnaise Studio,mayonnaise studio
mayonnaise Studio,mayonnaise studio
MBEntertainment,mbentertainment
MbEntertainment,mbentertainment
MeeM,meem
meem,meem
Mega Fun Games,mega fun games
Mega fun Games,mega fun games
MEGAJOY,megajoy
MegaJoy,megajoy
MemSoft,memsoft
Memsoft,memsoft
MET Games,met games
MeT Games,met games
Mgame,mgame
mGame,mgame
MGGAMES,mggames
MGgames,mggames
MGsoft,mgsoft
mgSoft,mgsoft
MHSOFT,mhsoft
mhsoft,mhsoft
MHT  Games,mht games
MHT Games,mht games
MichMond,michmond
michmond,michmond
MICROFUN  LIMITED,microfun limited
Microfun Limited,microfun limited
Mini Mind,mini mind
mini Mind,mini mind
MJ Developer,mj developer
MJ developer,mj developer
MJ TECH,mj tech
MJ Tech,mj tech
MobiTech Games,mobitech games
Mobitech Games,mobitech games
MoHH,mohh
mohh,mohh
MoMo Games,momo games
Momo games,momo games
MORA,mora
MoRa,mora
MOSO games,moso games
Moso Games,moso games
MOUNTAIN GAMES,mountain games
Mountain Games,mountain games
MPROJECT,mproject
MProject,mproject
MTGames,mtgames
MTgames,mtgames
MUST Games,must games
Must games,must games
MvG,mvg
mvg,mvg
NAFFA GROUP,naffa group
Naffa Group,naffa group
NanoS,nanos
nanos,nanos
NAS Games,nas games
Nas Games,nas games
NDGAMES,ndgames
Ndgames,ndgames
NeO,neo
neo,neo
NewTeq,newteq
Newteq,newteq
NIM,nim
nim,nim
NINJA  GAMES,ninja games
ninja games,ninja games
NinjaGames,ninjagames
ninjagames,ninjagames
NM Games,nm games
nm Games,nm games
NorthDroid,northdroid
northDroid,northdroid
OB GAMES,ob games
OB Games,ob games
OctoBox,octobox
Octobox,octobox
OGames Studio,ogames studio
Ogames Studio,ogames studio
ONGUN,ongun
Ongun,ongun
ORANGE GAME,orange game
Orange Game,orange game
Orion Games,orion games
orion games,orion games
OWLAB,owlab
OwLab,owlab
Owlab,owlab
OXSOFT,oxsoft
oxsoft,oxsoft
Parrot Games,parrot games
Parrot games,parrot games
Partizan  Software,partizan software
Partizan Software,partizan software
PEGASUS STUDIO,pegasus studio
Pegasus Studio,pegasus studio
PERFECT WORLD GAMES,perfect world games
Perfect World Games,perfect world games
PierroX,pierrox
pierrox,pierrox
Pixel Code,pixel code
pixel code,pixel code
Play my Games,play my games
Play my games,play my games
PlayHouse Games,playhouse games
Playhouse Games,playhouse games
PlayMore,playmore
Playmore,playmore
PLAYSOFT,playsoft
PlaySoft,playsoft
PolygonGames,polygongames
Polygongames,polygongames
Poo And Play,poo and play
Poo and Play,poo and play
Poo and play,poo and play
POOM GAMES,poom games
poom games,poom games
POPGAME,popgame
Popgame,popgame
PRC APP Studio,prc app studio
PRC App Studio,prc app studio
Pulsar GameSoft,pulsar gamesoft
Pulsar Gamesoft,pulsar gamesoft
PUZZLE STUDIO,puzzle studio
PUZZLE Studio,puzzle studio
Puzzle studio,puzzle studio
PUZZLE WORD GAMES,puzzle word games
Puzzle Word Games,puzzle word games
PyRO Games,pyro games
Pyro Games,pyro games
QUIZ APP,quiz app
quiz app,quiz app
RACER,racer
Racer,racer
Radioactive,radioactive
radioactive,radioactive
RAGE STUDIO,rage studio
Rage Studio,rage studio
RAM GAMES,ram games
RAM Games,ram games
Random  Apps,random apps
Random Apps,random apps
RB TECH,rb tech
RB tech,rb tech
REBUILD GAMES,rebuild games
Rebuild Games,rebuild games
RED GAME,red game
Red Game,red game
Red Snail,red snail
Red snail,red snail
REGULAR GAMES,regular games
Regular Games,regular games
Renegade Games,renegade games
Renegade games,renegade games
RGameS,rgames
Rgames,rgames
ROCKGAMES,rockgames
Rockgames,rockgames
Royale Games,royale games
Royale games,royale games
RUBY Games,ruby games
Ruby games,ruby games
RUBYdev,rubydev
RubyDev,rubydev
RUDIGAMES,rudigames
rudigames,rudigames
SAIKO games,saiko games
Saiko Games,saiko games
Sairam,sairam
sairam,sairam
SANGames,sangames
SanGames,sangames
SAY Studio,say studio
Say Studio,say studio
SeptApps,septapps
Septapps,septapps
ShortBread,shortbread
Shortbread,shortbread
SIEM,siem
Siem,siem
SK GAMES,sk games
SK games,sk games
Skyway lab,skyway lab
skyway lab,skyway lab
SLCORP,slcorp
SLCorp,slcorp
SmartApp.inc,smartapp.inc
Smartapp.inc,smartapp.inc
Smoote  Mobile,smoote mobile
Smoote Mobile,smoote mobile
SO Games,so games
So Games,so games
SOMAPPS,somapps
SomApps,somapps
Soul Game,soul game
soul game,soul game
StGames,stgames
stgames,stgames
Stratos,stratos
stratos,stratos
SunLight Games,sunlight games
Sunlight Games,sunlight games
Super  Studios,super studios
Super studios,super studios
SW Games,sw games
sw Games,sw games
TAP GAMES,tap games
Tap Games,tap games
TapTo,tapto
tapto,tapto
Tardigrade,tardigrade
tardigrade,tardigrade
TARGET STUDIO,target studio
Target Studio,target studio
TEAPOT Games,teapot games
Teapot Games,teapot games
TEASOFT,teasoft
TEAsoft,teasoft
Tech Consolidated INC.,tech consolidated inc.
Tech Consolidated Inc.,tech consolidated inc.
TG Game Studios,tg game studios
tg game studios,tg game studios
The Curious Dog,the curious dog
the curious dog,the curious dog
The Game Studio,the game studio
The game studio,the game studio
THRILL GAMES,thrill games
Thrill games,thrill games
TITANGAMES,titangames
Titangames,titangames
TNTGames,tntgames
TnTGames,tntgames
TORI GAMES,tori games
Tori Games,tori games
ToWin,towin
towin,towin
TriAngle Games,triangle games
Triangle Games,triangle games
TROPIC GAMES,tropic games
Tropic Games,tropic games
TWGames,twgames
twGames,twgames
UDi,udi
udi,udi
UNESS,uness
uness,uness
Unides,unides
unides,unides
UTKARSH GUPTA,utkarsh gupta
Utkarsh Gupta,utkarsh gupta
VADE,vade
Vade,vade
Valley Games,valley games
valley games,valley games
VECTOR STUDIOS,vector studios
Vector studios,vector studios
VG-Games,vg-games
VG-games,vg-games
VIN games,vin games
Vin Games,vin games
VIVUGA GAMES,vivuga games
VIVUGA Games,vivuga games
Vms,vms
vms,vms
VMSoft,vmsoft
vmsoft,vmsoft
VV GAMES,vv games
vv games,vv games
Waqas sharif,waqas sharif
waqas sharif,waqas sharif
WARDY,wardy
Wardy,wardy
WI Games,wi games
wi games,wi games
WildCard Games,wildcard games
Wildcard Games,wildcard games
WoGa,woga
Woga,woga
X-SOFT,x-soft
x-soft,x-soft
"XTEL.,JSC","xtel.,jsc"
"Xtel.,JSC","xtel.,jsc"
yApps,yapps
yapps,yapps
Yeah Games,yeah games
yeah games,yeah games
YOLO games,yolo games
Yolo Games,yolo games
ZERO LAB,zero lab
Zero Lab,zero lab
ZESTY,zesty
zesty,zesty
Zig Zag Games,zig zag games
Zig Zag games,zig zag games
ZIM GAMES,zim games
ZIM Games,zim games
ZOE POUND INC.,zoe pound inc.
Zoe Pound Inc.,zoe pound inc.
ZXGames,zxgames
zxGames,zxgames
