original,normalized
"1st-impact co.,Ltd.","1st-impact co.,ltd."
"1st-impact co.,ltd.","1st-impact co.,ltd."
1UP Games,1up games
1UP games,1up games
3L Production,3l production
3L production,3l production
8Floor,8floor
8floor,8floor
9FingerGames,9fingergames
9fingergames,9fingergames
9Garden,9garden
9garden,9garden
A2  Softworks,a2 softworks
A2 Softworks,a2 softworks
AA5K,aa5k
aa5k,aa5k
Aburasobabiyori,aburasobabiyori
aburasobabiyori,aburasobabiyori
ACE ENTERTAINMENT,ace entertainment
ACE Entertainment,ace entertainment
ActaLogic,actalogic
Actalogic,actalogic
Action Square(STUDIO HG),action square(studio hg)
Action Square(Studio HG),action square(studio hg)
ADO,ado
ado,ado
Afeel Inc,afeel inc
Afeel inc,afeel inc
African Boy Keita Studio,african boy keita studio
African boy Keita studio,african boy keita studio
AGAMES,agames
AGames,agames
AGEOD,ageod
Ageod,ageod
AgeOfGames,ageofgames
Ageofgames,ageofgames
ALPixel Games,alpixel games
AlPixel Games,alpixel games
ALTAR Interactive,altar interactive
Altar Interactive,altar interactive
AMAX,amax
Amax,amax
AMAX Interactive,amax interactive
Amax Interactive,amax interactive
Amk800,amk800
amk800,amk800
AnaWiki Games,anawiki games
Anawiki Games,anawiki games
Anden Studios,anden studios
Anden studios,anden studios
ANEMONA GAMES,anemona games
Anemona Games,anemona games
Ani4Bio  Animated,ani4bio animated
Ani4Bio Animated,ani4bio animated
Ankoku Marimokan,ankoku marimokan
ankoku marimokan,ankoku marimokan
APPLEMINT,applemint
Applemint,applemint
ARC SYSTEM WORKS,arc system works
Arc System Works,arc system works
Arrogant Pixel LTD,arrogant pixel ltd
Arrogant Pixel Ltd,arrogant pixel ltd
ARTDINK,artdink
Artdink,artdink
Average Games,average games
Average games,average games
AVI GAMES,avi games
AVI Games,avi games
AXE Studio,axe studio
Axe Studio,axe studio
AXR-STUDIOS,axr-studios
AXR-Studios,axr-studios
Azimuth team,azimuth team
azimuth team,azimuth team
"BABAROGA, LLC","babaroga, llc"
"Babaroga, LLC","babaroga, llc"
baKno Games,bakno games
bakno Games,bakno games
Banana Hub,banana hub
banana hub,banana hub
BANDAI NAMCO Studios Inc.,bandai namco studios inc.
Bandai Namco Studios Inc.,bandai namco studios inc.
BASS,bass
Bass,bass
BazKreyol,bazkreyol
Bazkreyol,bazkreyol
BearfoxBear,bearfoxbear
Bearfoxbear,bearfoxbear
BearHammer Games Ltd,bearhammer games ltd
Bearhammer Games LTD,bearhammer games ltd
Bei,bei
bei,bei
Bing,bing
bing,bing
BIP Media,bip media
Bip Media,bip media
Black Apple,black apple
Black apple,black apple
Black Sheep Studio,black sheep studio
Black Sheep studio,black sheep studio
BlackMill Games,blackmill games
Blackmill Games,blackmill games
BlackPixel Studio,blackpixel studio
Blackpixel Studio,blackpixel studio
BlackThug,blackthug
Blackthug,blackthug
BlitWorks,blitworks
Blitworks,blitworks
Blue  Blaze Gaming,blue blaze gaming
Blue Blaze Gaming,blue blaze gaming
BlueSky,bluesky
bluesky,bluesky
BOBAFETTA,bobafetta
Bobafetta,bobafetta
Bones,bones
bones,bones
Brainwashing Games,brainwashing games
Brainwashing games,brainwashing games
BrettspielWelt GmbH,brettspielwelt gmbh
Brettspielwelt GmbH,brettspielwelt gmbh
BUGBEAR,bugbear
Bugbear,bugbear
Bumblebee,bumblebee
bumblebee,bumblebee
Buttergirl Studio,buttergirl studio
Buttergirl studio,buttergirl studio
BYKING,byking
ByKing,byking
BYKING Inc.,byking inc.
Byking Inc.,byking inc.
CAIPIRINHA GAMES GMBH,caipirinha games gmbh
Caipirinha Games GmbH,caipirinha games gmbh
Cakesin,cakesin
cakesin,cakesin
CampFire Studio,campfire studio
Campfire Studio,campfire studio
CAPCOM,capcom
Capcom,capcom
"CAPCOM CO., LTD.","capcom co., ltd."
"CAPCOM Co., Ltd.","capcom co., ltd."
Captain,captain
captain,captain
CapturedLeek27,capturedleek27
Capturedleek27,capturedleek27
CASGames,casgames
CasGames,casgames
CatBox,catbox
Catbox,catbox
Catnip Studio,catnip studio
Catnip studio,catnip studio
CBGameDev,cbgamedev
CBgameDev,cbgamedev
CCY,ccy
ccy,ccy
CelleC Games,cellec games
Cellec Games,cellec games
Celsius Online,celsius online
Celsius online,celsius online
Celusis,celusis
celusis,celusis
Centauri Production,centauri production
Centauri production,centauri production
CHEN JIE,chen jie
Chen Jie,chen jie
ChessBase,chessbase
Chessbase,chessbase
Chesstar Studios,chesstar studios
Chesstar studios,chesstar studios
Choloco,choloco
choloco,choloco
Chris_Antoni,chris_antoni
chris_antoni,chris_antoni
ChuMoran,chumoran
Chumoran,chumoran
Circle J,circle j
circle J,circle j
Circlesgames,circlesgames
circlesgames,circlesgames
CJ,cj
Cj,cj
CLOCK IN DREAM,clock in dream
Clock in dream,clock in dream
ClockStone,clockstone
Clockstone,clockstone
ClockWork Wolf,clockwork wolf
Clockwork Wolf,clockwork wolf
CodeRenderX,coderenderx
coderenderx,coderenderx
COMPILE HEART,compile heart
Compile Heart,compile heart
Computer-Knopf,computer-knopf
computer-knopf,computer-knopf
CREATIVE ASSEMBLY,creative assembly
Creative Assembly,creative assembly
CuberZ,cuberz
Cuberz,cuberz
CyberLink,cyberlink
Cyberlink,cyberlink
Cyberworks,cyberworks
cyberworks,cyberworks
CyDream,cydream
Cydream,cydream
César BAUDRY,césar baudry
César Baudry,césar baudry
D3T,d3t
d3t,d3t
Dan  Walters,dan walters
Dan Walters,dan walters
Dark Room Studio,dark room studio
Dark Room studio,dark room studio
DarkLord,darklord
Darklord,darklord
DarkStone Digital,darkstone digital
Darkstone Digital,darkstone digital
DarkSun Studio,darksun studio
Darksun Studio,darksun studio
DE GAMES,de games
DE Games,de games
DEAD CROW,dead crow
Dead Crow,dead crow
Debauchery GAMES,debauchery games
Debauchery Games,debauchery games
DEEP Games,deep games
Deep Games,deep games
DEVA,deva
Deva,deva
DevRifter,devrifter
devrifter,devrifter
Di9iware Software,di9iware software
Di9iware software,di9iware software
Dieselmine,dieselmine
dieselmine,dieselmine
DIGITAL ECLIPSE,digital eclipse
Digital Eclipse,digital eclipse
DogGottenGame,doggottengame
doggottengame,doggottengame
DON DAO VGS,don dao vgs
Don Dao VGS,don dao vgs
DotEmu,dotemu
Dotemu,dotemu
DoubleAGames,doubleagames
Doubleagames,doubleagames
"DRAGONFLY GF CO., LTD.","dragonfly gf co., ltd."
"Dragonfly GF Co., Ltd.","dragonfly gf co., ltd."
DRAKHAR STUDIO,drakhar studio
Drakhar Studio,drakhar studio
DreamWorld,dreamworld
Dreamworld,dreamworld
DUCK,duck
Duck,duck
DuDeeki,dudeeki
Dudeeki,dudeeki
Dynamic Zero,dynamic zero
Dynamic zero,dynamic zero
E-FunSoft,e-funsoft
e-funsoft,e-funsoft
E-FunSoft  Games,e-funsoft games
e-FunSoft Games,e-funsoft games
EastVillage,eastvillage
Eastvillage,eastvillage
EduCat,educat
Educat,educat
EfunSoft Games,efunsoft games
eFunSoft Games,efunsoft games
efunsoft games,efunsoft games
EFunSoft-Games,efunsoft-games
eFunSoft-Games,efunsoft-games
EggNut,eggnut
Eggnut,eggnut
eiNpictures,einpictures
einpictures,einpictures
Elaphant AR,elaphant ar
Elaphant Ar,elaphant ar
Elephant AR,elephant ar
Elephant Ar,elephant ar
ELF,elf
Elf,elf
Enav AS (Norway),enav as (norway)
Enav as (Norway),enav as (norway)
ENIGMA GAMES,enigma games
Enigma Games,enigma games
Enno  Games,enno games
Enno Games,enno games
Eojin KIM,eojin kim
Eojin Kim,eojin kim
ERROR,error
Error,error
EV,ev
Ev,ev
EVIL GAMES,evil games
Evil Games,evil games
EXOR Studios,exor studios
Exor Studios,exor studios
FALCO Software,falco software
Falco Software,falco software
"FarSight Studios, Inc.","farsight studios, inc."
"Farsight Studios, Inc.","farsight studios, inc."
FAVORITE,favorite
Favorite,favorite
FELISTELLA,felistella
Felistella,felistella
Feral Interactive (Linux),feral interactive (linux)
Feral interactive (Linux),feral interactive (linux)
Feral Interactive (Mac),feral interactive (mac)
Feral interactive (Mac),feral interactive (mac)
FIRE ENGRAVE,fire engrave
Fire Engrave,fire engrave
FireFly,firefly
Firefly,firefly
Fleon Games,fleon games
Fleon games,fleon games
FOCKA GAMES,focka games
Focka Games,focka games
FOG GAMES,fog games
FoG Games,fog games
Forbes  Consult Ltd,forbes consult ltd
Forbes Consult Ltd,forbes consult ltd
FoxydudeStudios,foxydudestudios
Foxydudestudios,foxydudestudios
FRAG Games,frag games
Frag Games,frag games
FrameLineNetwork,framelinenetwork
Framelinenetwork,framelinenetwork
FreshFX Media GmbH,freshfx media gmbh
FreshFX Media Gmbh,freshfx media gmbh
Fushidaratei,fushidaratei
fushidaratei,fushidaratei
Fusion,fusion
fusion,fusion
FX GAMES,fx games
FX Games,fx games
G-MODE,g-mode
G-mode,g-mode
Gamebox,gamebox
gamebox,gamebox
GameLoop,gameloop
Gameloop,gameloop
GAMES FOR HUMANS,games for humans
Games For Humans,games for humans
Gametornado,gametornado
gametornado,gametornado
GAMIX GAMES,gamix games
Gamix Games,gamix games
GenITeam Solutions,geniteam solutions
Geniteam Solutions,geniteam solutions
Gg,gg
gg,gg
GGaming,ggaming
Ggaming,ggaming
GHOST DOG FILMS,ghost dog films
Ghost Dog Films,ghost dog films
GIANTS Software,giants software
Giants Software,giants software
GILP Studio,gilp studio
Gilp Studio,gilp studio
Girls Dance Studio,girls dance studio
Girls Dance studio,girls dance studio
GlowRoots,glowroots
Glowroots,glowroots
GoeX GameS,goex games
GoeX Games,goex games
GoodVole,goodvole
Goodvole,goodvole
GrandMA Studios,grandma studios
GrandMa Studios,grandma studios
GrandMa studios,grandma studios
Grandma Studios,grandma studios
GUMBO DAY,gumbo day
Gumbo Day,gumbo day
HaDe Games,hade games
Hade Games,hade games
HALVA Studio,halva studio
Halva Studio,halva studio
Hammer Games,hammer games
hammer Games,hammer games
HandMade Games,handmade games
Handmade Games,handmade games
HELIX Games,helix games
Helix Games,helix games
HeX,hex
Hex,hex
Hexxx Game Studio,hexxx game studio
Hexxx game studio,hexxx game studio
HipSoft,hipsoft
Hipsoft,hipsoft
Hitori De Productions,hitori de productions
Hitori de Productions,hitori de productions
HIZUKI,hizuki
Hizuki,hizuki
hizuki,hizuki
HoCWar,hocwar
HocWar,hocwar
Hubert Cachat,hubert cachat
Hubert cachat,hubert cachat
HULOTTE,hulotte
Hulotte,hulotte
HuneX,hunex
Hunex,hunex
IDEA FACTORY,idea factory
Idea Factory,idea factory
Igame,igame
iGame,igame
"IGGYMOB Co.,Ltd","iggymob co.,ltd"
"Iggymob Co.,Ltd","iggymob co.,ltd"
IguanaBee,iguanabee
Iguanabee,iguanabee
IKIGAI Play,ikigai play
Ikigai Play,ikigai play
IMGNATION Studios,imgnation studios
Imgnation Studios,imgnation studios
Individual,individual
individual,individual
iNFINITE PRODUCTION,infinite production
iNFINITE Production,infinite production
Ingeniousfun,ingeniousfun
ingeniousfun,ingeniousfun
INTERMARUM,intermarum
Intermarum,intermarum
iOnlysoft.com,ionlysoft.com
ionlysoft.com,ionlysoft.com
It Matters Games,it matters games
it Matters Games,it matters games
IZZLE,izzle
izzle,izzle
JAVELIN OÜ,javelin oü
Javelin OÜ,javelin oü
JD,jd
Jd,jd
Jean-Marc Vanbalberghe,jean-marc vanbalberghe
Jean-marc Vanbalberghe,jean-marc vanbalberghe
Jery,jery
jery,jery
Jonathan BRASSAUD,jonathan brassaud
Jonathan Brassaud,jonathan brassaud
JoqLePecheur,joqlepecheur
joqlepecheur,joqlepecheur
JOYCITY,joycity
Joycity,joycity
JoyFul Software,joyful software
Joyful Software,joyful software
Just For Fun,just for fun
just for fun,just for fun
Justin Sawchuk,justin sawchuk
Justin sawchuk,justin sawchuk
JW,jw
Jw,jw
KAGAMI WORKS,kagami works
KAGAMI WORKs,kagami works
Kajaani University Of Applied Sciences,kajaani university of applied sciences
Kajaani University of Applied Sciences,kajaani university of applied sciences
KakeiA,kakeia
kakeia,kakeia
Kamichichi,kamichichi
kamichichi,kamichichi
Kan.Kikuchi,kan.kikuchi
kan.kikuchi,kan.kikuchi
Karl Brown,karl brown
karl brown,karl brown
Kavorka Play,kavorka play
Kavorka play,kavorka play
KazakovStudios,kazakovstudios
kazakovstudios,kazakovstudios
KAZEGAMES,kazegames
Kazegames,kazegames
Kevin  Ryan,kevin ryan
Kevin Ryan,kevin ryan
KG Games,kg games
kg games,kg games
KIKI GAMES,kiki games
Kiki Games,kiki games
KITE Games,kite games
Kite Games,kite games
KK,kk
kk,kk
KORO.GAMES,koro.games
Koro.Games,koro.games
Kratos,kratos
kratos,kratos
KRITZELKRATZ 3000,kritzelkratz 3000
Kritzelkratz 3000,kritzelkratz 3000
KUMA,kuma
Kuma,kuma
KUNOS Simulazioni,kunos simulazioni
Kunos Simulazioni,kunos simulazioni
KX  Games,kx games
KX GAMES,kx games
KX Games,kx games
LABS Games,labs games
Labs Games,labs games
Landfall,landfall
landfall,landfall
LarsMidnatt,larsmidnatt
Larsmidnatt,larsmidnatt
Last Day Of Work,last day of work
Last Day of Work,last day of work
Leaf Studio,leaf studio
leaf studio,leaf studio
Leon Aminof,leon aminof
Leon aminof,leon aminof
Let's Go to the Grindhouse,let's go to the grindhouse
Let's go to the Grindhouse,let's go to the grindhouse
Lewd Games Studio,lewd games studio
lewd games studio,lewd games studio
LI,li
Li,li
Light,light
light,light
"Light-Year Simulations,  LLC","light-year simulations, llc"
"Light-Year Simulations, LLC","light-year simulations, llc"
LightsoutGames,lightsoutgames
Lightsoutgames,lightsoutgames
LightSpeed Studios,lightspeed studios
Lightspeed Studios,lightspeed studios
LIJUN,lijun
Lijun,lijun
LiLith,lilith
Lilith,lilith
LillyWelland Inc.,lillywelland inc.
LillyWelland inc.,lillywelland inc.
LinkSolutions Ltd.,linksolutions ltd.
Linksolutions Ltd.,linksolutions ltd.
LIU TING,liu ting
Liu Ting,liu ting
Lol,lol
lol,lol
Looook.me,looook.me
looook.me,looook.me
Lost In Creation,lost in creation
Lost in Creation,lost in creation
Lost The Game Studios,lost the game studios
Lost the Game Studios,lost the game studios
LsGamedev,lsgamedev
Lsgamedev,lsgamedev
LSP GAME,lsp game
LSP Game,lsp game
LU,lu
Lu,lu
LunaSoft,lunasoft
Lunasoft,lunasoft
Lunatic Studio,lunatic studio
lunatic studio,lunatic studio
LusionSoft,lusionsoft
Lusionsoft,lusionsoft
MacabreM,macabrem
Macabrem,macabrem
Machineman1357,machineman1357
machineman1357,machineman1357
MADia Entertainment,madia entertainment
Madia Entertainment,madia entertainment
Madosoft,madosoft
madosoft,madosoft
Madsug,madsug
madsug,madsug
MAGIC ERA,magic era
Magic Era,magic era
MAGIC Spell Studios,magic spell studios
Magic Spell Studios,magic spell studios
MAI,mai
Mai,mai
Mango tea,mango tea
mango tea,mango tea
MassDiGi,massdigi
MassDigi,massdigi
MATRIX GAMES,matrix games
Matrix Games,matrix games
MAXIS,maxis
Maxis,maxis
MAYHAM Games,mayham games
Mayham Games,mayham games
ME,me
Me,me
me,me
MERGEN GAMES,mergen games
Mergen Games,mergen games
MicroProse,microprose
Microprose,microprose
MIga Games,miga games
Miga Games,miga games
MikanBatake,mikanbatake
Mikanbatake,mikanbatake
MindFly Studio,mindfly studio
Mindfly Studio,mindfly studio
MipMap,mipmap
Mipmap,mipmap
Moback,moback
moBack,moback
Monotone,monotone
monotone,monotone
MooN,moon
Moon,moon
MoonShine Games,moonshine games
Moonshine Games,moonshine games
"MOSS Co., Ltd.","moss co., ltd."
"Moss Co., Ltd.","moss co., ltd."
MS GAMES,ms games
MS games,ms games
MsGlobal,msglobal
Msglobal,msglobal
MURE VR,mure vr
Mure VR,mure vr
MyDreamForever_Old,mydreamforever_old
MyDreamForever_old,mydreamforever_old
MysteryTag,mysterytag
Mysterytag,mysterytag
Mystik'Art,mystik'art
Mystik'art,mystik'art
N/A,n/a
N/a,n/a
NAMI TENTOU,nami tentou
Nami Tentou,nami tentou
NEKO,neko
Neko,neko
NEKOPURU,nekopuru
nekopuru,nekopuru
NeoCoreGames,neocoregames
NeocoreGames,neocoregames
Neojac Entertainment Inc.,neojac entertainment inc.
Neojac Entertainment inc.,neojac entertainment inc.
NEON,neon
Neon,neon
neon,neon
Netmin Games,netmin games
netmin games,netmin games
NeuralSoft,neuralsoft
Neuralsoft,neuralsoft
NIPSAPP GAMING SOFTWARE PVT LTD,nipsapp gaming software pvt ltd
NipsApp Gaming Software Pvt Ltd,nipsapp gaming software pvt ltd
NoClip,noclip
Noclip,noclip
NoName,noname
Noname,noname
None,none
none,none
Noobz From Poland,noobz from poland
Noobz from Poland,noobz from poland
NoOne,noone
noOne,noone
Nostalgia,nostalgia
nostalgia,nostalgia
Nukeygara,nukeygara
nukeygara,nukeygara
NyankoFeti,nyankofeti
Nyankofeti,nyankofeti
OCEAN Software,ocean software
Ocean Software,ocean software
ODD Games,odd games
Odd Games,odd games
Oedipe Games,oedipe games
Oedipe games,oedipe games
Okeyplaystudio,okeyplaystudio
okeyplaystudio,okeyplaystudio
ONE MORE LEVEL,one more level
One More Level,one more level
OneManGames,onemangames
Onemangames,onemangames
OnFire Games,onfire games
Onfire Games,onfire games
Operation Games,operation games
Operation games,operation games
OTUSUN CLUB,otusun club
OTUSUN Club,otusun club
PALETTE,palette
Palette,palette
Pan,pan
pan,pan
Pan Bi Zheng,pan bi zheng
Pan Bi zheng,pan bi zheng
Park Personal,park personal
park personal,park personal
Philip,philip
philip,philip
Philosophy♂,philosophy♂
philosophy♂,philosophy♂
Pink Rabbit,pink rabbit
pink rabbit,pink rabbit
PiXEL,pixel
Pixel,pixel
PIxelsSoftWorks,pixelssoftworks
PIxelssoftworks,pixelssoftworks
PREAPP PARTNERS,preapp partners
Preapp Partners,preapp partners
Purple Software,purple software
Purple software,purple software
Puzzles By Joe,puzzles by joe
Puzzles by Joe,puzzles by joe
Qdev,qdev
qDev,qdev
Qianmo Interact,qianmo interact
qianmo interact,qianmo interact
Rain Of Cubes,rain of cubes
Rain of Cubes,rain of cubes
Rainssong,rainssong
rainssong,rainssong
RandomSpin,randomspin
randomspin,randomspin
RAT Studios,rat studios
Rat Studios,rat studios
RayTrace Interactive,raytrace interactive
Raytrace Interactive,raytrace interactive
"RED DUCK, INC.","red duck, inc."
"Red Duck, Inc.","red duck, inc."
RedLynx,redlynx
Redlynx,redlynx
REDSEN GAME,redsen game
Redsen Game,redsen game
RedSparkleGames,redsparklegames
Redsparklegames,redsparklegames
REDSTORM DIGITAL STUDIO,redstorm digital studio
RedStorm Digital Studio,redstorm digital studio
ReJust,rejust
Rejust,rejust
Render,render
render,render
Repa Games,repa games
Repa games,repa games
REVO Team's,revo team's
REVO team's,revo team's
REZA ALIDAD,reza alidad
Reza Alidad,reza alidad
Re零同人社,re零同人社
re零同人社,re零同人社
RigidBody,rigidbody
Rigidbody,rigidbody
rpgLord69,rpglord69
rpglord69,rpglord69
Ruskija Game Experience,ruskija game experience
Ruskija game experience,ruskija game experience
RUZURA Interactive,ruzura interactive
RUzura Interactive,ruzura interactive
S.A. DigiWorks,s.a. digiworks
S.A. Digiworks,s.a. digiworks
S.Y. GAMES,s.y. games
S.Y. Games,s.y. games
"SAFARI GAMES CO., LTD.","safari games co., ltd."
"SAFARI GAMES Co., Ltd.","safari games co., ltd."
SAGA PLANETS,saga planets
Saga Planets,saga planets
Sarepta Studio,sarepta studio
Sarepta studio,sarepta studio
Seafoodcha,seafoodcha
seafoodcha,seafoodcha
SeikaGames,seikagames
Seikagames,seikagames
Send It Studios,send it studios
Send it Studios,send it studios
SG ENTERTECH,sg entertech
SG Entertech,sg entertech
Shinachiku-castella,shinachiku-castella
shinachiku-castella,shinachiku-castella
SideKick,sidekick
Sidekick,sidekick
Silly Little Games,silly little games
silly little games,silly little games
SIXDOTS,sixdots
Sixdots,sixdots
SJ GAMES,sj games
SJ Games,sj games
SKONEC Entertainment,skonec entertainment
Skonec Entertainment,skonec entertainment
SkyBox Labs,skybox labs
Skybox Labs,skybox labs
SLASH,slash
slash,slash
Sloth Gamer,sloth gamer
sloth gamer,sloth gamer
SluggishtacoGames,sluggishtacogames
Sluggishtacogames,sluggishtacogames
Small Bros,small bros
small bros,small bros
SmartOliveGames LTD,smartolivegames ltd
SmartOliveGames Ltd,smartolivegames ltd
SMEE,smee
Smee,smee
SMILE,smile
Smile,smile
SmokingBear Studio,smokingbear studio
Smokingbear Studio,smokingbear studio
SOFTSTAR,softstar
SoftStar,softstar
Sons of Welder,sons of welder
Sons of welder,sons of welder
SP GAMES,sp games
SP Games,sp games
SPICY,spicy
Spicy,spicy
Spider,spider
spider,spider
SpikerMan87,spikerman87
spikerman87,spikerman87
SpoonBox Studio,spoonbox studio
Spoonbox Studio,spoonbox studio
SPRING Games,spring games
Spring Games,spring games
SsmA,ssma
ssma,ssma
Starmops,starmops
starmops,starmops
STING,sting
Sting,sting
Stone,stone
stone,stone
STORYBIRD Studio,storybird studio
Storybird Studio,storybird studio
Studio Don Quixote,studio don quixote
studio Don Quixote,studio don quixote
STUDIO HG,studio hg
Studio HG,studio hg
Studio Odin Inc.,studio odin inc.
Studio Odin inc.,studio odin inc.
Studio Spektar,studio spektar
Studio spektar,studio spektar
STUDIO WASABI,studio wasabi
Studio Wasabi,studio wasabi
StudioS,studios
Studios,studios
Sugar Star,sugar star
sugar star,sugar star
SUN XIN,sun xin
Sun Xin,sun xin
SUNBEESOFT,sunbeesoft
Sunbeesoft,sunbeesoft
SUNSOFT,sunsoft
Sunsoft,sunsoft
Super PowerUp Games,super powerup games
Super Powerup Games,super powerup games
SuperNova Games,supernova games
Supernova Games,supernova games
SYAHIR BAHIRAN HILMI,syahir bahiran hilmi
Syahir Bahiran Hilmi,syahir bahiran hilmi
Tamationgames,tamationgames
tamationgames,tamationgames
TAMSOFT,tamsoft
Tamsoft,tamsoft
Team ARCANA,team arcana
Team Arcana,team arcana
The Lonely Dane,the lonely dane
The lonely dane,the lonely dane
TiGAMES,tigames
TiGames,tigames
TITANIUM ARMOR,titanium armor
Titanium Armor,titanium armor
Tomimar,tomimar
tomimar,tomimar
ToonTRAXX Studios,toontraxx studios
Toontraxx Studios,toontraxx studios
Toshio Kamata,toshio kamata
Toshio kamata,toshio kamata
Total,total
total,total
Totem Games,totem games
Totem games,totem games
tRB,trb
tRb,trb
TREASURE,treasure
Treasure,treasure
"Truant Pixel, LLC","truant pixel, llc"
"Truant pixel, LLC","truant pixel, llc"
TrueGames,truegames
Truegames,truegames
TT Studios,tt studios
tT Studios,tt studios
TUNNEL No.73,tunnel no.73
TUNNEL no.73,tunnel no.73
UBISOFT,ubisoft
Ubisoft,ubisoft
Under The Bed Games,under the bed games
Under the Bed Games,under the bed games
Undownsidable,undownsidable
undownsidable,undownsidable
Urchin  Games,urchin games
Urchin Games,urchin games
URSE Games,urse games
Urse Games,urse games
"USERJOY Technology CO.,LTD.","userjoy technology co.,ltd."
"USERJOY Technology Co.,Ltd.","userjoy technology co.,ltd."
UWU,uwu
UwU,uwu
UZURA STUDIO,uzura studio
Uzura Studio,uzura studio
VACTOR,vactor
VactoR,vactor
Vadd Games,vadd games
Vadd games,vadd games
Valkeala Software,valkeala software
Valkeala software,valkeala software
VECTOR INTERACTIVE,vector interactive
Vector Interactive,vector interactive
VGStudio,vgstudio
VGstudio,vgstudio
VIEWER READY,viewer ready
Viewer Ready,viewer ready
Vipera Games Sp. z o.o.,vipera games sp. z o.o.
Vipera Games sp. z o.o.,vipera games sp. z o.o.
VITALII HOLIEV,vitalii holiev
Vitalii Holiev,vitalii holiev
ViVa Games,viva games
Viva Games,viva games
Vivid selfish,vivid selfish
vivid selfish,vivid selfish
VOiD Games,void games
Void Games,void games
Void Ink,void ink
Void ink,void ink
VOX Studios,vox studios
Vox Studios,vox studios
VTree LLC,vtree llc
Vtree LLC,vtree llc
W,w
w,w
WANIN International,wanin international
Wanin International,wanin international
WatariTama,wataritama
Wataritama,wataritama
WayForward,wayforward
Wayforward,wayforward
Webfoot,webfoot
webfoot,webfoot
WEI,wei
Wei,wei
wei,wei
WizarBox,wizarbox
Wizarbox,wizarbox
WOOAS,wooas
Wooas,wooas
WVPro,wvpro
WVpro,wvpro
Xbgzs,xbgzs
xbgzs,xbgzs
XiGeHong,xigehong
xigehong,xigehong
XingChunFang,xingchunfang
xingchunfang,xingchunfang
XMINutesGames,xminutesgames
XMinutesGames,xminutesgames
XO GAMES,xo games
XO Games,xo games
YAO,yao
yao,yao
YAW Studios,yaw studios
Yaw Studios,yaw studios
YFYX GAMES,yfyx games
YFYX games,yfyx games
yfyx games,yfyx games
Yo_Serjio,yo_serjio
yo_serjio,yo_serjio
Yode Group,yode group
Yode group,yode group
Yu,yu
yu,yu
Zeexc,zeexc
zeexc,zeexc
ZeniMax Online Studios,zenimax online studios
Zenimax Online Studios,zenimax online studios
Zenz VR,zenz vr
Zenz vR,zenz vr
ZGame Studio,zgame studio
Zgame Studio,zgame studio
ZHANG JIANHUI,zhang jianhui
Zhang JianHui,zhang jianhui
ZHANGHAILONG,zhanghailong
ZhangHaiLong,zhanghailong
ZUGALU ENTERTAINMENT,zugalu entertainment
Zugalu Entertainment,zugalu entertainment
类人猿Leiry,类人猿leiry
类人猿leiry,类人猿leiry
