platform,partition,target_tier,rows
pc,calibration,O1_source_interval_up_to_20k,8424
pc,calibration,O2_source_intervals_20k_to_100k,1857
pc,calibration,O3_source_intervals_100k_plus,1154
pc,test,O1_source_interval_up_to_20k,8285
pc,test,O2_source_intervals_20k_to_100k,1776
pc,test,O3_source_intervals_100k_plus,879
pc,train,O1_source_interval_up_to_20k,38428
pc,train,O2_source_intervals_20k_to_100k,8527
pc,train,O3_source_intervals_100k_plus,4197
pc,train_cv_0,O1_source_interval_up_to_20k,12982
pc,train_cv_0,O2_source_intervals_20k_to_100k,2970
pc,train_cv_0,O3_source_intervals_100k_plus,1564
pc,train_cv_1,O1_source_interval_up_to_20k,12850
pc,train_cv_1,O2_source_intervals_20k_to_100k,2754
pc,train_cv_1,O3_source_intervals_100k_plus,1363
pc,train_cv_2,O1_source_interval_up_to_20k,12596
pc,train_cv_2,O2_source_intervals_20k_to_100k,2803
pc,train_cv_2,O3_source_intervals_100k_plus,1270
mobile,calibration,M1_under_1k,22704
mobile,calibration,M2_1k_to_under_100k,18035
mobile,calibration,M3_100k_plus,7558
mobile,test,M1_under_1k,24133
mobile,test,M2_1k_to_under_100k,17146
mobile,test,M3_100k_plus,6918
mobile,train,M1_under_1k,103908
mobile,train,M2_1k_to_under_100k,81403
mobile,train,M3_100k_plus,36495
mobile,train_cv_0,M1_under_1k,34414
mobile,train_cv_0,M2_1k_to_under_100k,27129
mobile,train_cv_0,M3_100k_plus,12361
mobile,train_cv_1,M1_under_1k,34920
mobile,train_cv_1,M2_1k_to_under_100k,27769
mobile,train_cv_1,M3_100k_plus,11943
mobile,train_cv_2,M1_under_1k,34574
mobile,train_cv_2,M2_1k_to_under_100k,26505
mobile,train_cv_2,M3_100k_plus,12191
