platform,column,missing_or_empty_n,train_n,percent
pc,genres,0,51152,0.0
pc,planning_categories,149,51152,0.2912887081639037
pc,supported_languages,41,51152,0.0801532686893963
pc,price_observed,0,51152,0.0
pc,windows,0,51152,0.0
pc,mac,0,51152,0.0
pc,linux,0,51152,0.0
pc,categories_unavailable,0,51152,0.0
pc,languages_unavailable,0,51152,0.0
pc,age_days,0,51152,0.0
mobile,category,0,221806,0.0
mobile,content_rating,0,221806,0.0
mobile,free,4,221806,0.0018033777264817002
mobile,price_usd,156,221806,0.07033173133278631
mobile,price_usd_unavailable,0,221806,0.0
mobile,ad_supported,0,221806,0.0
mobile,in_app_purchases,0,221806,0.0
mobile,free_unavailable,0,221806,0.0
mobile,age_days,0,221806,0.0
