platform,scope,target,class,rows,fraction_of_eligible,eligible_rows,unlabelled_rows,majority_share_not_model_accuracy
PC,full,owners_3_tiers,O1_source_interval_up_to_20k,59379,0.7304408797913694,81292,13656,0.7304408797913694
PC,full,owners_3_tiers,O2_source_intervals_20k_to_100k,14250,0.17529400186980268,81292,13656,0.7304408797913694
PC,full,owners_3_tiers,O3_source_intervals_100k_plus,7663,0.09426511833882793,81292,13656,0.7304408797913694
PC,full,review_volume_diagnostic_bins,R0_zero_observed,22300,0.23486540000842565,94948,0,0.311275645616548
PC,full,review_volume_diagnostic_bins,R1_1_to_9,22875,0.24092134642119897,94948,0,0.311275645616548
PC,full,review_volume_diagnostic_bins,R2_10_to_99,29555,0.311275645616548,94948,0,0.311275645616548
PC,full,review_volume_diagnostic_bins,R3_100_to_999,13840,0.14576399713527405,94948,0,0.311275645616548
PC,full,review_volume_diagnostic_bins,R4_1000_plus,6378,0.06717361081855332,94948,0,0.311275645616548
PC,provisional_cohort,owners_3_tiers,O1_source_interval_up_to_20k,59300,0.7306915077135393,81156,8294,0.7306915077135393
PC,provisional_cohort,owners_3_tiers,O2_source_intervals_20k_to_100k,14214,0.17514416678988615,81156,8294,0.7306915077135393
PC,provisional_cohort,owners_3_tiers,O3_source_intervals_100k_plus,7642,0.0941643254965745,81156,8294,0.7306915077135393
PC,provisional_cohort,review_volume_diagnostic_bins,R0_zero_observed,16930,0.1892677473448854,89450,0,0.3299161542761319
PC,provisional_cohort,review_volume_diagnostic_bins,R1_1_to_9,22856,0.2555170486305198,89450,0,0.3299161542761319
PC,provisional_cohort,review_volume_diagnostic_bins,R2_10_to_99,29511,0.3299161542761319,89450,0,0.3299161542761319
PC,provisional_cohort,review_volume_diagnostic_bins,R3_100_to_999,13791,0.15417551704863053,89450,0,0.3299161542761319
PC,provisional_cohort,review_volume_diagnostic_bins,R4_1000_plus,6362,0.0711235326998323,89450,0,0.3299161542761319
Mobile,conservative_game_categories,installs_3_tiers,M1_under_1k,156155,0.47545610659131876,328432,81,0.47545610659131876
Mobile,conservative_game_categories,installs_3_tiers,M2_1k_to_under_100k,119905,0.3650831831246651,328432,81,0.47545610659131876
Mobile,conservative_game_categories,installs_3_tiers,M3_100k_plus,52372,0.15946071028401618,328432,81,0.47545610659131876
Mobile,conservative_game_categories,installs_4_tiers,M1_under_1k,156155,0.47545610659131876,328432,81,0.47545610659131876
Mobile,conservative_game_categories,installs_4_tiers,M2_1k_to_under_100k,119905,0.3650831831246651,328432,81,0.47545610659131876
Mobile,conservative_game_categories,installs_4_tiers,M3_100k_to_under_1m,33774,0.10283407219759341,328432,81,0.47545610659131876
Mobile,conservative_game_categories,installs_4_tiers,M4_1m_plus,18598,0.05662663808642276,328432,81,0.47545610659131876
Mobile,provisional_cohort,installs_3_tiers,M1_under_1k,150743,0.47359078599300025,318298,0,0.47359078599300025
Mobile,provisional_cohort,installs_3_tiers,M2_1k_to_under_100k,116584,0.36627311513110355,318298,0,0.47359078599300025
Mobile,provisional_cohort,installs_3_tiers,M3_100k_plus,50971,0.16013609887589617,318298,0,0.47359078599300025
Mobile,provisional_cohort,installs_4_tiers,M1_under_1k,150743,0.47359078599300025,318298,0,0.47359078599300025
Mobile,provisional_cohort,installs_4_tiers,M2_1k_to_under_100k,116584,0.36627311513110355,318298,0,0.47359078599300025
Mobile,provisional_cohort,installs_4_tiers,M3_100k_to_under_1m,32794,0.10302923675297991,318298,0,0.47359078599300025
Mobile,provisional_cohort,installs_4_tiers,M4_1m_plus,18177,0.05710686212291626,318298,0,0.47359078599300025
