platform,rule,affected_all_input_rows,first_exclusion_rows,affected_retained_rows
pc,exclude_title_missing,2,2,0
pc,exclude_release_unavailable,0,0,0
pc,exclude_reference_unavailable,0,0,0
pc,exclude_release_after_reference,0,0,0
pc,flag_literal_null_like_title,3,0,3
pc,flag_genres_unavailable,5441,0,0
pc,flag_genres_parse_error,0,0,0
pc,flag_categories_unavailable,5907,0,789
pc,flag_categories_parse_error,0,0,0
pc,flag_supported_languages_unavailable,5412,0,83
pc,flag_supported_languages_parse_error,0,0,0
pc,flag_developers_unavailable,5451,0,122
pc,flag_developers_parse_error,0,0,0
pc,exclude_genres_unavailable,5441,5440,0
pc,exclude_demo_playtest_title_heuristic,5269,53,0
pc,flag_software_only_heuristic,1036,0,1033
pc,flag_price_unavailable,0,0,0
pc,flag_windows_unavailable,0,0,0
pc,flag_mac_unavailable,0,0,0
pc,flag_linux_unavailable,0,0,0
pc,flag_target_unavailable,13656,0,8295
mobile,exclude_title_missing,0,0,0
mobile,exclude_release_unavailable,10213,10213,0
mobile,exclude_reference_unavailable,0,0,0
mobile,exclude_release_after_reference,0,0,0
mobile,flag_literal_null_like_title,2,0,2
mobile,flag_developer_id_unavailable,0,0,0
mobile,flag_free_unavailable,0,0,0
mobile,flag_ad_supported_unavailable,0,0,0
mobile,flag_in_app_purchases_unavailable,0,0,0
mobile,flag_non_usd_or_unknown_currency,305,0,214
mobile,flag_price_invalid_or_missing,0,0,0
mobile,flag_free_price_conflict,87,0,5
mobile,flag_target_unavailable,81,0,0
