dataset,interval,rows,fraction
fronkon_local,0 - 20000,75705,0.6015255651344802
fronkon_local,0 - 0,24579,0.1952961741686862
fronkon_local,20000 - 50000,11397,0.090556592904533
fronkon_local,50000 - 100000,5355,0.04254896507886059
fronkon_local,100000 - 200000,3454,0.027444281117158634
fronkon_local,200000 - 500000,2856,0.022692781375392317
fronkon_local,500000 - 1000000,1155,0.009177227762107186
fronkon_local,1000000 - 2000000,729,0.005792380119979341
fronkon_local,2000000 - 5000000,405,0.0032179889555440785
fronkon_local,5000000 - 10000000,125,0.000993206467760518
fronkon_local,10000000 - 20000000,51,0.00040522823884629137
fronkon_local,20000000 - 50000000,31,0.0002463152040046085
fronkon_local,50000000 - 100000000,9,7.15108656787573e-05
fronkon_local,100000000 - 200000000,4,3.1782606968336576e-05
fronkon_hf,0 - 20000,75545,0.6085173908140415
fronkon_hf,0 - 0,23033,0.1855315515602597
fronkon_hf,20000 - 50000,11397,0.09180319945870186
fronkon_hf,50000 - 100000,5355,0.04313469624474409
fronkon_hf,100000 - 200000,3454,0.0278220804536594
fronkon_hf,200000 - 500000,2854,0.022989061266573227
fronkon_hf,500000 - 1000000,1154,0.009295506903162406
fronkon_hf,1000000 - 2000000,729,0.0058721183123097
fronkon_hf,2000000 - 5000000,405,0.0032622879512831664
fronkon_hf,5000000 - 10000000,125,0.0010068789973096193
fronkon_hf,10000000 - 20000000,51,0.0004108066309023247
fronkon_hf,20000000 - 50000000,31,0.0002497059913327856
fronkon_hf,50000000 - 100000000,9,7.24952878062926e-05
fronkon_hf,100000000 - 200000000,4,3.222012791390782e-05
fronkon_json,0 - 20000,77308,0.5469841157533519
fronkon_json,0 - 0,38445,0.27201330172993243
fronkon_json,20000 - 50000,11400,0.08065942618601196
fronkon_json,50000 - 100000,5359,0.03791700569568755
fronkon_json,100000 - 200000,3457,0.02445961722149503
fronkon_json,200000 - 500000,2857,0.020214384264336506
fronkon_json,500000 - 1000000,1155,0.008172073442530159
fronkon_json,1000000 - 2000000,729,0.005157958042947607
fronkon_json,2000000 - 5000000,405,0.002865532246082004
fronkon_json,5000000 - 10000000,125,0.0008844235327413592
fronkon_json,10000000 - 20000000,51,0.00036084480135847456
fronkon_json,20000000 - 50000000,31,0.00021933703611985708
fronkon_json,50000000 - 100000000,9,6.367849435737786e-05
fronkon_json,100000000 - 200000000,4,2.8301553047723495e-05
artem_games_march2025_full,0 - 20000,59379,0.6253844209462022
artem_games_march2025_full,0 - 0,13656,0.14382609428318657
artem_games_march2025_full,20000 - 50000,9692,0.1020769263175633
artem_games_march2025_full,50000 - 100000,4558,0.048005223912036064
artem_games_march2025_full,100000 - 200000,3009,0.031691030880060665
artem_games_march2025_full,200000 - 500000,2474,0.026056367696002024
artem_games_march2025_full,500000 - 1000000,1042,0.01097442810801702
artem_games_march2025_full,1000000 - 2000000,576,0.006066478493491174
artem_games_march2025_full,2000000 - 5000000,376,0.003960062349917849
artem_games_march2025_full,5000000 - 10000000,108,0.0011374647175295951
artem_games_march2025_full,10000000 - 20000000,42,0.0004423473901503981
artem_games_march2025_full,20000000 - 50000000,24,0.00025276993722879893
artem_games_march2025_full,50000000 - 100000000,10,0.00010532080717866622
artem_games_march2025_full,100000000 - 200000000,1,1.0532080717866622e-05
artem_games_march2025_full,200000000 - 500000000,1,1.0532080717866622e-05
artem_games_march2025_cleaned,0 - 20000,59320,0.6619205963087773
artem_games_march2025_cleaned,20000 - 50000,9683,0.1080474904595059
artem_games_march2025_cleaned,0 - 0,8418,0.0939320225847486
artem_games_march2025_cleaned,50000 - 100000,4552,0.050793367403869756
artem_games_march2025_cleaned,100000 - 200000,3005,0.033531210247941264
artem_games_march2025_cleaned,200000 - 500000,2469,0.02755026891919034
artem_games_march2025_cleaned,500000 - 1000000,1038,0.011582494588140776
artem_games_march2025_cleaned,1000000 - 2000000,574,0.006404963288625053
artem_games_march2025_cleaned,2000000 - 5000000,373,0.004162110290343458
artem_games_march2025_cleaned,5000000 - 10000000,108,0.0012051150438527974
artem_games_march2025_cleaned,10000000 - 20000000,42,0.000468655850387199
artem_games_march2025_cleaned,20000000 - 50000000,24,0.00026780334307839945
artem_games_march2025_cleaned,50000000 - 100000000,10,0.00011158472628266643
artem_games_march2025_cleaned,100000000 - 200000000,1,1.1158472628266643e-05
artem_games_march2025_cleaned,200000000 - 500000000,1,1.1158472628266643e-05
artem_games_may2024_full,0 - 20000,55116,0.6277019793635971
artem_games_may2024_full,0 - 0,10575,0.12043596109605266
artem_games_may2024_full,20000 - 50000,9692,0.11037970070382434
artem_games_may2024_full,50000 - 100000,4619,0.05260460560781723
artem_games_may2024_full,100000 - 200000,3040,0.03462177983281325
artem_games_may2024_full,200000 - 500000,2477,0.02820991731772316
artem_games_may2024_full,500000 - 1000000,1082,0.012322620322073662
artem_games_may2024_full,1000000 - 2000000,623,0.007095187117053504
artem_games_may2024_full,2000000 - 5000000,381,0.004339111222467713
artem_games_may2024_full,5000000 - 10000000,123,0.0014008154340250096
artem_games_may2024_full,10000000 - 20000000,43,0.0004897159647404506
artem_games_may2024_full,20000000 - 50000000,23,0.00026194109741931076
artem_games_may2024_full,50000000 - 100000000,10,0.00011388743366056989
artem_games_may2024_full,100000000 - 200000000,1,1.138874336605699e-05
artem_games_may2024_full,200000000 - 500000000,1,1.138874336605699e-05
artem_games_may2024_cleaned,0 - 20000,55010,0.6576524878655285
artem_games_may2024_cleaned,20000 - 50000,9670,0.11560624536738158
artem_games_may2024_cleaned,0 - 0,6573,0.07858116347464314
artem_games_may2024_cleaned,50000 - 100000,4609,0.05510126007220907
artem_games_may2024_cleaned,100000 - 200000,3037,0.03630777323482295
artem_games_may2024_cleaned,200000 - 500000,2471,0.029541161561820052
artem_games_may2024_cleaned,500000 - 1000000,1077,0.012875690409583244
artem_games_may2024_cleaned,1000000 - 2000000,620,0.007412189465126844
artem_games_may2024_cleaned,2000000 - 5000000,379,0.004530999689166248
artem_games_may2024_cleaned,5000000 - 10000000,122,0.0014585276044281855
artem_games_may2024_cleaned,10000000 - 20000000,43,0.0005140712048394425
artem_games_may2024_cleaned,20000000 - 50000000,23,0.00027496831886760875
artem_games_may2024_cleaned,50000000 - 100000000,10,0.00011955144298591684
artem_games_may2024_cleaned,100000000 - 200000000,1,1.1955144298591684e-05
artem_games_may2024_cleaned,200000000 - 500000000,1,1.1955144298591684e-05
nik_steam,0-20000,18596,0.6868328716528163
nik_steam,20000-50000,3059,0.11298245614035088
nik_steam,50000-100000,1695,0.06260387811634349
nik_steam,100000-200000,1386,0.051191135734072024
nik_steam,200000-500000,1272,0.04698060941828255
nik_steam,500000-1000000,513,0.018947368421052633
nik_steam,1000000-2000000,288,0.010637119113573408
nik_steam,2000000-5000000,193,0.007128347183748846
nik_steam,5000000-10000000,46,0.0016989843028624191
nik_steam,10000000-20000000,21,0.0007756232686980609
nik_steam,20000000-50000000,3,0.00011080332409972299
nik_steam,50000000-100000000,2,7.386888273314867e-05
nik_steam,100000000-200000000,1,3.6934441366574334e-05
