dataset,step,remaining_rows,removed_at_step,reference_date,condition,status
fronkon_local,all_records,125855,0,2026-10-05,true,proposed audit cohort only; no cleaned dataset or model produced
fronkon_local,nonempty_title,125851,4,2026-10-05,"NOT (""name"" IS NULL OR trim(""name"")='' OR lower(trim(""name"")) IN ('nan','none','null','n/a'))",proposed audit cohort only; no cleaned dataset or model produced
fronkon_local,nonempty_genres,117429,8422,2026-10-05,"NOT (""genres"" IS NULL OR trim(""genres"")='' OR lower(trim(""genres"")) IN ('nan','none','null','n/a')) AND trim(genres) NOT IN ('[]','{}')",proposed audit cohort only; no cleaned dataset or model produced
fronkon_local,release_not_after_reference_date,117428,1,2026-10-05,"coalesce(try_strptime(""release_date"", ['%b %d, %Y','%B %d, %Y','%Y-%m-%d','%Y-%m-%d %H:%M:%S','%b %Y','%B %Y']), try_cast(""release_date"" AS TIMESTAMP)) <= DATE '2026-10-05'",proposed audit cohort only; no cleaned dataset or model produced
fronkon_local,exclude_title_playtest_demo_heuristic,117352,76,2026-10-05,"NOT regexp_matches(lower(name),'(^|[^a-z])(playtest|demo)([^a-z]|$)')",proposed audit cohort only; no cleaned dataset or model produced
fronkon_hf,all_records,124146,0,2026-10-05,true,proposed audit cohort only; no cleaned dataset or model produced
fronkon_hf,nonempty_title,124142,4,2026-10-05,"NOT (""name"" IS NULL OR trim(""name"")='' OR lower(trim(""name"")) IN ('nan','none','null','n/a'))",proposed audit cohort only; no cleaned dataset or model produced
fronkon_hf,nonempty_genres,115724,8418,2026-10-05,"NOT (""genres"" IS NULL OR trim(""genres"")='' OR lower(trim(""genres"")) IN ('nan','none','null','n/a')) AND trim(genres) NOT IN ('[]','{}')",proposed audit cohort only; no cleaned dataset or model produced
fronkon_hf,release_not_after_reference_date,115724,0,2026-10-05,"coalesce(try_strptime(""release_date"", ['%b %d, %Y','%B %d, %Y','%Y-%m-%d','%Y-%m-%d %H:%M:%S','%b %Y','%B %Y']), try_cast(""release_date"" AS TIMESTAMP)) <= DATE '2026-10-05'",proposed audit cohort only; no cleaned dataset or model produced
fronkon_hf,exclude_title_playtest_demo_heuristic,115649,75,2026-10-05,"NOT regexp_matches(lower(name),'(^|[^a-z])(playtest|demo)([^a-z]|$)')",proposed audit cohort only; no cleaned dataset or model produced
fronkon_json,all_records,141335,0,2026-10-05,true,proposed audit cohort only; no cleaned dataset or model produced
fronkon_json,nonempty_title,141330,5,2026-10-05,"NOT (""name"" IS NULL OR trim(""name"")='' OR lower(trim(""name"")) IN ('nan','none','null','n/a'))",proposed audit cohort only; no cleaned dataset or model produced
fronkon_json,nonempty_genres,132896,8434,2026-10-05,"NOT (""genres"" IS NULL OR trim(""genres"")='' OR lower(trim(""genres"")) IN ('nan','none','null','n/a')) AND trim(genres) NOT IN ('[]','{}')",proposed audit cohort only; no cleaned dataset or model produced
fronkon_json,release_not_after_reference_date,132895,1,2026-10-05,"coalesce(try_strptime(""release_date"", ['%b %d, %Y','%B %d, %Y','%Y-%m-%d','%Y-%m-%d %H:%M:%S','%b %Y','%B %Y']), try_cast(""release_date"" AS TIMESTAMP)) <= DATE '2026-10-05'",proposed audit cohort only; no cleaned dataset or model produced
fronkon_json,exclude_title_playtest_demo_heuristic,132818,77,2026-10-05,"NOT regexp_matches(lower(name),'(^|[^a-z])(playtest|demo)([^a-z]|$)')",proposed audit cohort only; no cleaned dataset or model produced
artem_games_march2025_full,all_records,94948,0,2025-03-13,true,proposed audit cohort only; no cleaned dataset or model produced
artem_games_march2025_full,nonempty_title,94943,5,2025-03-13,"NOT (""name"" IS NULL OR trim(""name"")='' OR lower(trim(""name"")) IN ('nan','none','null','n/a'))",proposed audit cohort only; no cleaned dataset or model produced
artem_games_march2025_full,nonempty_genres,89503,5440,2025-03-13,"NOT (""genres"" IS NULL OR trim(""genres"")='' OR lower(trim(""genres"")) IN ('nan','none','null','n/a')) AND trim(genres) NOT IN ('[]','{}')",proposed audit cohort only; no cleaned dataset or model produced
artem_games_march2025_full,release_not_after_reference_date,89503,0,2025-03-13,"coalesce(try_strptime(""release_date"", ['%b %d, %Y','%B %d, %Y','%Y-%m-%d','%Y-%m-%d %H:%M:%S','%b %Y','%B %Y']), try_cast(""release_date"" AS TIMESTAMP)) <= DATE '2025-03-13'",proposed audit cohort only; no cleaned dataset or model produced
artem_games_march2025_full,exclude_title_playtest_demo_heuristic,89450,53,2025-03-13,"NOT regexp_matches(lower(name),'(^|[^a-z])(playtest|demo)([^a-z]|$)')",proposed audit cohort only; no cleaned dataset or model produced
artem_games_march2025_cleaned,all_records,89618,0,2025-03-13,true,proposed audit cohort only; no cleaned dataset or model produced
artem_games_march2025_cleaned,nonempty_title,89615,3,2025-03-13,"NOT (""name"" IS NULL OR trim(""name"")='' OR lower(trim(""name"")) IN ('nan','none','null','n/a'))",proposed audit cohort only; no cleaned dataset or model produced
artem_games_march2025_cleaned,nonempty_genres,89403,212,2025-03-13,"NOT (""genres"" IS NULL OR trim(""genres"")='' OR lower(trim(""genres"")) IN ('nan','none','null','n/a')) AND trim(genres) NOT IN ('[]','{}')",proposed audit cohort only; no cleaned dataset or model produced
artem_games_march2025_cleaned,release_not_after_reference_date,89403,0,2025-03-13,"coalesce(try_strptime(""release_date"", ['%b %d, %Y','%B %d, %Y','%Y-%m-%d','%Y-%m-%d %H:%M:%S','%b %Y','%B %Y']), try_cast(""release_date"" AS TIMESTAMP)) <= DATE '2025-03-13'",proposed audit cohort only; no cleaned dataset or model produced
artem_games_march2025_cleaned,exclude_title_playtest_demo_heuristic,89356,47,2025-03-13,"NOT regexp_matches(lower(name),'(^|[^a-z])(playtest|demo)([^a-z]|$)')",proposed audit cohort only; no cleaned dataset or model produced
artem_games_may2024_full,all_records,87806,0,2024-05-31,true,proposed audit cohort only; no cleaned dataset or model produced
artem_games_may2024_full,nonempty_title,87800,6,2024-05-31,"NOT (""name"" IS NULL OR trim(""name"")='' OR lower(trim(""name"")) IN ('nan','none','null','n/a'))",proposed audit cohort only; no cleaned dataset or model produced
artem_games_may2024_full,nonempty_genres,83612,4188,2024-05-31,"NOT (""genres"" IS NULL OR trim(""genres"")='' OR lower(trim(""genres"")) IN ('nan','none','null','n/a')) AND trim(genres) NOT IN ('[]','{}')",proposed audit cohort only; no cleaned dataset or model produced
artem_games_may2024_full,release_not_after_reference_date,83612,0,2024-05-31,"coalesce(try_strptime(""release_date"", ['%b %d, %Y','%B %d, %Y','%Y-%m-%d','%Y-%m-%d %H:%M:%S','%b %Y','%B %Y']), try_cast(""release_date"" AS TIMESTAMP)) <= DATE '2024-05-31'",proposed audit cohort only; no cleaned dataset or model produced
artem_games_may2024_full,exclude_title_playtest_demo_heuristic,83552,60,2024-05-31,"NOT regexp_matches(lower(name),'(^|[^a-z])(playtest|demo)([^a-z]|$)')",proposed audit cohort only; no cleaned dataset or model produced
artem_games_may2024_cleaned,all_records,83646,0,2024-05-31,true,proposed audit cohort only; no cleaned dataset or model produced
artem_games_may2024_cleaned,nonempty_title,83640,6,2024-05-31,"NOT (""name"" IS NULL OR trim(""name"")='' OR lower(trim(""name"")) IN ('nan','none','null','n/a'))",proposed audit cohort only; no cleaned dataset or model produced
artem_games_may2024_cleaned,nonempty_genres,83452,188,2024-05-31,"NOT (""genres"" IS NULL OR trim(""genres"")='' OR lower(trim(""genres"")) IN ('nan','none','null','n/a')) AND trim(genres) NOT IN ('[]','{}')",proposed audit cohort only; no cleaned dataset or model produced
artem_games_may2024_cleaned,release_not_after_reference_date,83452,0,2024-05-31,"coalesce(try_strptime(""release_date"", ['%b %d, %Y','%B %d, %Y','%Y-%m-%d','%Y-%m-%d %H:%M:%S','%b %Y','%B %Y']), try_cast(""release_date"" AS TIMESTAMP)) <= DATE '2024-05-31'",proposed audit cohort only; no cleaned dataset or model produced
artem_games_may2024_cleaned,exclude_title_playtest_demo_heuristic,83398,54,2024-05-31,"NOT regexp_matches(lower(name),'(^|[^a-z])(playtest|demo)([^a-z]|$)')",proposed audit cohort only; no cleaned dataset or model produced
google_games,all_records_in_this_subset,328513,0,,true,proposed audit cohort only
google_games,nonmissing_installs,328432,81,,try_cast(minimum_installs AS DOUBLE)>=0,proposed audit cohort only
google_games,nonempty_title,328430,2,,"NOT (app_name IS NULL OR trim(app_name)='' OR lower(trim(app_name)) IN ('nan','none','null','n/a'))",proposed audit cohort only
google_games,known_release_date,318298,10132,,"coalesce(try_strptime(released, ['%b %d, %Y','%B %d, %Y','%Y-%m-%d','%Y-%m-%d %H:%M:%S','%b %Y','%B %Y']), try_cast(released AS TIMESTAMP)) IS NOT NULL",proposed audit cohort only
google_games,release_not_after_scrape,318298,0,,"coalesce(try_strptime(released, ['%b %d, %Y','%B %d, %Y','%Y-%m-%d','%Y-%m-%d %H:%M:%S','%b %Y','%B %Y']), try_cast(released AS TIMESTAMP))<=coalesce(try_strptime(scraped_time, ['%b %d, %Y','%B %d, %Y','%Y-%m-%d','%Y-%m-%d %H:%M:%S','%b %Y','%B %Y']), try_cast(scraped_time AS TIMESTAMP))",proposed audit cohort only
google_sports_ambiguous,all_records_in_this_subset,47483,0,,true,proposed audit cohort only
google_sports_ambiguous,nonmissing_installs,47479,4,,try_cast(minimum_installs AS DOUBLE)>=0,proposed audit cohort only
google_sports_ambiguous,nonempty_title,47479,0,,"NOT (app_name IS NULL OR trim(app_name)='' OR lower(trim(app_name)) IN ('nan','none','null','n/a'))",proposed audit cohort only
google_sports_ambiguous,known_release_date,45814,1665,,"coalesce(try_strptime(released, ['%b %d, %Y','%B %d, %Y','%Y-%m-%d','%Y-%m-%d %H:%M:%S','%b %Y','%B %Y']), try_cast(released AS TIMESTAMP)) IS NOT NULL",proposed audit cohort only
google_sports_ambiguous,release_not_after_scrape,45814,0,,"coalesce(try_strptime(released, ['%b %d, %Y','%B %d, %Y','%Y-%m-%d','%Y-%m-%d %H:%M:%S','%b %Y','%B %Y']), try_cast(released AS TIMESTAMP))<=coalesce(try_strptime(scraped_time, ['%b %d, %Y','%B %d, %Y','%Y-%m-%d','%Y-%m-%d %H:%M:%S','%b %Y','%B %Y']), try_cast(scraped_time AS TIMESTAMP))",proposed audit cohort only
nik_steam,all_records,27075,0,2019-05-31,true,proposed audit cohort only; no cleaned dataset or model produced
nik_steam,nonempty_title,27075,0,2019-05-31,"NOT (""name"" IS NULL OR trim(""name"")='' OR lower(trim(""name"")) IN ('nan','none','null','n/a'))",proposed audit cohort only; no cleaned dataset or model produced
nik_steam,nonempty_genres,27075,0,2019-05-31,"NOT (""genres"" IS NULL OR trim(""genres"")='' OR lower(trim(""genres"")) IN ('nan','none','null','n/a')) AND trim(genres) NOT IN ('[]','{}')",proposed audit cohort only; no cleaned dataset or model produced
nik_steam,release_not_after_reference_date,27075,0,2019-05-31,"coalesce(try_strptime(""release_date"", ['%b %d, %Y','%B %d, %Y','%Y-%m-%d','%Y-%m-%d %H:%M:%S','%b %Y','%B %Y']), try_cast(""release_date"" AS TIMESTAMP)) <= DATE '2019-05-31'",proposed audit cohort only; no cleaned dataset or model produced
nik_steam,exclude_title_playtest_demo_heuristic,27058,17,2019-05-31,"NOT regexp_matches(lower(name),'(^|[^a-z])(playtest|demo)([^a-z]|$)')",proposed audit cohort only; no cleaned dataset or model produced
