left,right,canonical_column,left_column,right_column,status,left_observed_type,right_observed_type,semantic_equivalence,left_source_storage_type,right_source_storage_type
fronkon_local,fronkon_hf,about_the_game,About the game,,left_only,text_or_serialized_collection,,name mapping only; source definitions and serialization checked separately,CSV text; no native column type,
fronkon_local,fronkon_hf,achievements,Achievements,achievements,renamed,numeric,numeric,name mapping only; source definitions and serialization checked separately,CSV text; no native column type,int64
fronkon_local,fronkon_hf,app_id,AppID,appID,renamed,text_or_serialized_collection,text_or_serialized_collection,name mapping only; source definitions and serialization checked separately,CSV text; no native column type,string
fronkon_local,fronkon_hf,average_playtime_2weeks,Average playtime two weeks,average_playtime_2weeks,renamed,numeric,numeric,name mapping only; source definitions and serialization checked separately,CSV text; no native column type,int64
fronkon_local,fronkon_hf,average_playtime_forever,Average playtime forever,average_playtime_forever,renamed,numeric,numeric,name mapping only; source definitions and serialization checked separately,CSV text; no native column type,int64
fronkon_local,fronkon_hf,categories,Categories,categories,renamed,text_or_serialized_collection,text_or_serialized_collection,name mapping only; source definitions and serialization checked separately,CSV text; no native column type,list<element: string>
fronkon_local,fronkon_hf,detailed_description,,detailed_description,right_only,,text_or_serialized_collection,name mapping only; source definitions and serialization checked separately,CSV text; no native column type,string
fronkon_local,fronkon_hf,developers,Developers,developers,renamed,text_or_serialized_collection,text_or_serialized_collection,name mapping only; source definitions and serialization checked separately,CSV text; no native column type,list<element: string>
fronkon_local,fronkon_hf,discount,Discount,,left_only,numeric,,name mapping only; source definitions and serialization checked separately,CSV text; no native column type,
fronkon_local,fronkon_hf,dlc_count,DLC count,dlc_count,renamed,numeric,numeric,name mapping only; source definitions and serialization checked separately,CSV text; no native column type,int64
fronkon_local,fronkon_hf,estimated_owners,Estimated owners,estimated_owners,renamed,text_or_serialized_collection,text_or_serialized_collection,name mapping only; source definitions and serialization checked separately,CSV text; no native column type,string
fronkon_local,fronkon_hf,full_audio_languages,Full audio languages,full_audio_languages,renamed,text_or_serialized_collection,text_or_serialized_collection,name mapping only; source definitions and serialization checked separately,CSV text; no native column type,list<element: string>
fronkon_local,fronkon_hf,genres,Genres,genres,renamed,text_or_serialized_collection,text_or_serialized_collection,name mapping only; source definitions and serialization checked separately,CSV text; no native column type,list<element: string>
fronkon_local,fronkon_hf,header_image,Header image,header_image,renamed,text_or_serialized_collection,text_or_serialized_collection,name mapping only; source definitions and serialization checked separately,CSV text; no native column type,string
fronkon_local,fronkon_hf,linux,Linux,linux,renamed,boolean_text,boolean_text,name mapping only; source definitions and serialization checked separately,CSV text; no native column type,bool
fronkon_local,fronkon_hf,mac,Mac,mac,renamed,boolean_text,boolean_text,name mapping only; source definitions and serialization checked separately,CSV text; no native column type,bool
fronkon_local,fronkon_hf,median_playtime_2weeks,Median playtime two weeks,median_playtime_2weeks,renamed,numeric,numeric,name mapping only; source definitions and serialization checked separately,CSV text; no native column type,int64
fronkon_local,fronkon_hf,median_playtime_forever,Median playtime forever,median_playtime_forever,renamed,numeric,numeric,name mapping only; source definitions and serialization checked separately,CSV text; no native column type,int64
fronkon_local,fronkon_hf,metacritic_score,Metacritic score,metacritic_score,renamed,numeric,numeric,name mapping only; source definitions and serialization checked separately,CSV text; no native column type,int64
fronkon_local,fronkon_hf,metacritic_url,Metacritic url,metacritic_url,renamed,text_or_serialized_collection,text_or_serialized_collection,name mapping only; source definitions and serialization checked separately,CSV text; no native column type,string
fronkon_local,fronkon_hf,movies,Movies,movies,renamed,empty,text_or_serialized_collection,name mapping only; source definitions and serialization checked separately,CSV text; no native column type,list<element: null>
fronkon_local,fronkon_hf,name,Name,name,renamed,text_or_serialized_collection,text_or_serialized_collection,name mapping only; source definitions and serialization checked separately,CSV text; no native column type,string
fronkon_local,fronkon_hf,negative,Negative,negative,renamed,numeric,numeric,name mapping only; source definitions and serialization checked separately,CSV text; no native column type,int64
fronkon_local,fronkon_hf,notes,Notes,notes,renamed,text_or_serialized_collection,text_or_serialized_collection,name mapping only; source definitions and serialization checked separately,CSV text; no native column type,string
fronkon_local,fronkon_hf,packages,,packages,right_only,,text_or_serialized_collection,name mapping only; source definitions and serialization checked separately,CSV text; no native column type,string
fronkon_local,fronkon_hf,peak_ccu,Peak CCU,peak_ccu,renamed,numeric,numeric,name mapping only; source definitions and serialization checked separately,CSV text; no native column type,int64
fronkon_local,fronkon_hf,positive,Positive,positive,renamed,numeric,numeric,name mapping only; source definitions and serialization checked separately,CSV text; no native column type,int64
fronkon_local,fronkon_hf,price,Price,price,renamed,numeric,numeric,name mapping only; source definitions and serialization checked separately,CSV text; no native column type,double
fronkon_local,fronkon_hf,publishers,Publishers,publishers,renamed,text_or_serialized_collection,text_or_serialized_collection,name mapping only; source definitions and serialization checked separately,CSV text; no native column type,list<element: string>
fronkon_local,fronkon_hf,recommendations,Recommendations,recommendations,renamed,numeric,numeric,name mapping only; source definitions and serialization checked separately,CSV text; no native column type,int64
fronkon_local,fronkon_hf,release_date,Release date,release_date,renamed,date_text,date_text,name mapping only; source definitions and serialization checked separately,CSV text; no native column type,string
fronkon_local,fronkon_hf,required_age,Required age,required_age,renamed,numeric,numeric,name mapping only; source definitions and serialization checked separately,CSV text; no native column type,int64
fronkon_local,fronkon_hf,reviews,Reviews,reviews,renamed,numeric_with_parse_failures,numeric_with_parse_failures,name mapping only; source definitions and serialization checked separately,CSV text; no native column type,string
fronkon_local,fronkon_hf,score_rank,Score rank,score_rank,renamed,numeric,numeric,name mapping only; source definitions and serialization checked separately,CSV text; no native column type,string
fronkon_local,fronkon_hf,screenshots,Screenshots,screenshots,renamed,text_or_serialized_collection,text_or_serialized_collection,name mapping only; source definitions and serialization checked separately,CSV text; no native column type,list<element: string>
fronkon_local,fronkon_hf,short_description,,short_description,right_only,,text_or_serialized_collection,name mapping only; source definitions and serialization checked separately,CSV text; no native column type,string
fronkon_local,fronkon_hf,support_email,Support email,support_email,renamed,text_or_serialized_collection,text_or_serialized_collection,name mapping only; source definitions and serialization checked separately,CSV text; no native column type,string
fronkon_local,fronkon_hf,support_url,Support url,support_url,renamed,text_or_serialized_collection,text_or_serialized_collection,name mapping only; source definitions and serialization checked separately,CSV text; no native column type,string
fronkon_local,fronkon_hf,supported_languages,Supported languages,supported_languages,renamed,text_or_serialized_collection,text_or_serialized_collection,name mapping only; source definitions and serialization checked separately,CSV text; no native column type,list<element: string>
fronkon_local,fronkon_hf,tags,Tags,tags,renamed,text_or_serialized_collection,text_or_serialized_collection,name mapping only; source definitions and serialization checked separately,CSV text; no native column type,list<element: null>
fronkon_local,fronkon_hf,user_score,User score,user_score,renamed,numeric,numeric,name mapping only; source definitions and serialization checked separately,CSV text; no native column type,int64
fronkon_local,fronkon_hf,website,Website,website,renamed,text_or_serialized_collection,text_or_serialized_collection,name mapping only; source definitions and serialization checked separately,CSV text; no native column type,string
fronkon_local,fronkon_hf,windows,Windows,windows,renamed,boolean_text,boolean_text,name mapping only; source definitions and serialization checked separately,CSV text; no native column type,bool
fronkon_local,fronkon_json,about_the_game,About the game,about_the_game,renamed,text_or_serialized_collection,text_or_serialized_collection,name mapping only; source definitions and serialization checked separately,CSV text; no native column type,JSON; see source and audit string conversion
fronkon_local,fronkon_json,achievements,Achievements,achievements,renamed,numeric,numeric,name mapping only; source definitions and serialization checked separately,CSV text; no native column type,JSON; see source and audit string conversion
fronkon_local,fronkon_json,app_id,AppID,app_id,renamed,text_or_serialized_collection,text_or_serialized_collection,name mapping only; source definitions and serialization checked separately,CSV text; no native column type,JSON; see source and audit string conversion
fronkon_local,fronkon_json,average_playtime_2weeks,Average playtime two weeks,average_playtime_2weeks,renamed,numeric,numeric,name mapping only; source definitions and serialization checked separately,CSV text; no native column type,JSON; see source and audit string conversion
fronkon_local,fronkon_json,average_playtime_forever,Average playtime forever,average_playtime_forever,renamed,numeric,numeric,name mapping only; source definitions and serialization checked separately,CSV text; no native column type,JSON; see source and audit string conversion
fronkon_local,fronkon_json,categories,Categories,categories,renamed,text_or_serialized_collection,text_or_serialized_collection,name mapping only; source definitions and serialization checked separately,CSV text; no native column type,JSON; see source and audit string conversion
fronkon_local,fronkon_json,detailed_description,,detailed_description,right_only,,text_or_serialized_collection,name mapping only; source definitions and serialization checked separately,CSV text; no native column type,JSON; see source and audit string conversion
fronkon_local,fronkon_json,developers,Developers,developers,renamed,text_or_serialized_collection,text_or_serialized_collection,name mapping only; source definitions and serialization checked separately,CSV text; no native column type,JSON; see source and audit string conversion
fronkon_local,fronkon_json,discount,Discount,discount,renamed,numeric,numeric,name mapping only; source definitions and serialization checked separately,CSV text; no native column type,JSON; see source and audit string conversion
fronkon_local,fronkon_json,dlc_count,DLC count,dlc_count,renamed,numeric,numeric,name mapping only; source definitions and serialization checked separately,CSV text; no native column type,JSON; see source and audit string conversion
fronkon_local,fronkon_json,estimated_owners,Estimated owners,estimated_owners,renamed,text_or_serialized_collection,text_or_serialized_collection,name mapping only; source definitions and serialization checked separately,CSV text; no native column type,JSON; see source and audit string conversion
fronkon_local,fronkon_json,full_audio_languages,Full audio languages,full_audio_languages,renamed,text_or_serialized_collection,text_or_serialized_collection,name mapping only; source definitions and serialization checked separately,CSV text; no native column type,JSON; see source and audit string conversion
fronkon_local,fronkon_json,genres,Genres,genres,renamed,text_or_serialized_collection,text_or_serialized_collection,name mapping only; source definitions and serialization checked separately,CSV text; no native column type,JSON; see source and audit string conversion
fronkon_local,fronkon_json,header_image,Header image,header_image,renamed,text_or_serialized_collection,text_or_serialized_collection,name mapping only; source definitions and serialization checked separately,CSV text; no native column type,JSON; see source and audit string conversion
fronkon_local,fronkon_json,linux,Linux,linux,renamed,boolean_text,boolean_text,name mapping only; source definitions and serialization checked separately,CSV text; no native column type,JSON; see source and audit string conversion
fronkon_local,fronkon_json,mac,Mac,mac,renamed,boolean_text,boolean_text,name mapping only; source definitions and serialization checked separately,CSV text; no native column type,JSON; see source and audit string conversion
fronkon_local,fronkon_json,median_playtime_2weeks,Median playtime two weeks,median_playtime_2weeks,renamed,numeric,numeric,name mapping only; source definitions and serialization checked separately,CSV text; no native column type,JSON; see source and audit string conversion
fronkon_local,fronkon_json,median_playtime_forever,Median playtime forever,median_playtime_forever,renamed,numeric,numeric,name mapping only; source definitions and serialization checked separately,CSV text; no native column type,JSON; see source and audit string conversion
fronkon_local,fronkon_json,metacritic_score,Metacritic score,metacritic_score,renamed,numeric,numeric,name mapping only; source definitions and serialization checked separately,CSV text; no native column type,JSON; see source and audit string conversion
fronkon_local,fronkon_json,metacritic_url,Metacritic url,metacritic_url,renamed,text_or_serialized_collection,text_or_serialized_collection,name mapping only; source definitions and serialization checked separately,CSV text; no native column type,JSON; see source and audit string conversion
fronkon_local,fronkon_json,movies,Movies,movies,renamed,empty,text_or_serialized_collection,name mapping only; source definitions and serialization checked separately,CSV text; no native column type,JSON; see source and audit string conversion
fronkon_local,fronkon_json,name,Name,name,renamed,text_or_serialized_collection,text_or_serialized_collection,name mapping only; source definitions and serialization checked separately,CSV text; no native column type,JSON; see source and audit string conversion
fronkon_local,fronkon_json,negative,Negative,negative,renamed,numeric,numeric,name mapping only; source definitions and serialization checked separately,CSV text; no native column type,JSON; see source and audit string conversion
fronkon_local,fronkon_json,notes,Notes,notes,renamed,text_or_serialized_collection,text_or_serialized_collection,name mapping only; source definitions and serialization checked separately,CSV text; no native column type,JSON; see source and audit string conversion
fronkon_local,fronkon_json,packages,,packages,right_only,,text_or_serialized_collection,name mapping only; source definitions and serialization checked separately,CSV text; no native column type,JSON; see source and audit string conversion
fronkon_local,fronkon_json,peak_ccu,Peak CCU,peak_ccu,renamed,numeric,numeric,name mapping only; source definitions and serialization checked separately,CSV text; no native column type,JSON; see source and audit string conversion
fronkon_local,fronkon_json,positive,Positive,positive,renamed,numeric,numeric,name mapping only; source definitions and serialization checked separately,CSV text; no native column type,JSON; see source and audit string conversion
fronkon_local,fronkon_json,price,Price,price,renamed,numeric,numeric,name mapping only; source definitions and serialization checked separately,CSV text; no native column type,JSON; see source and audit string conversion
fronkon_local,fronkon_json,publishers,Publishers,publishers,renamed,text_or_serialized_collection,text_or_serialized_collection,name mapping only; source definitions and serialization checked separately,CSV text; no native column type,JSON; see source and audit string conversion
fronkon_local,fronkon_json,recommendations,Recommendations,recommendations,renamed,numeric,numeric,name mapping only; source definitions and serialization checked separately,CSV text; no native column type,JSON; see source and audit string conversion
fronkon_local,fronkon_json,release_date,Release date,release_date,renamed,date_text,date_text,name mapping only; source definitions and serialization checked separately,CSV text; no native column type,JSON; see source and audit string conversion
fronkon_local,fronkon_json,required_age,Required age,required_age,renamed,numeric,numeric,name mapping only; source definitions and serialization checked separately,CSV text; no native column type,JSON; see source and audit string conversion
fronkon_local,fronkon_json,reviews,Reviews,reviews,renamed,numeric_with_parse_failures,numeric_with_parse_failures,name mapping only; source definitions and serialization checked separately,CSV text; no native column type,JSON; see source and audit string conversion
fronkon_local,fronkon_json,score_rank,Score rank,score_rank,renamed,numeric,numeric,name mapping only; source definitions and serialization checked separately,CSV text; no native column type,JSON; see source and audit string conversion
fronkon_local,fronkon_json,screenshots,Screenshots,screenshots,renamed,text_or_serialized_collection,text_or_serialized_collection,name mapping only; source definitions and serialization checked separately,CSV text; no native column type,JSON; see source and audit string conversion
fronkon_local,fronkon_json,short_description,,short_description,right_only,,text_or_serialized_collection,name mapping only; source definitions and serialization checked separately,CSV text; no native column type,JSON; see source and audit string conversion
fronkon_local,fronkon_json,support_email,Support email,support_email,renamed,text_or_serialized_collection,text_or_serialized_collection,name mapping only; source definitions and serialization checked separately,CSV text; no native column type,JSON; see source and audit string conversion
fronkon_local,fronkon_json,support_url,Support url,support_url,renamed,text_or_serialized_collection,text_or_serialized_collection,name mapping only; source definitions and serialization checked separately,CSV text; no native column type,JSON; see source and audit string conversion
fronkon_local,fronkon_json,supported_languages,Supported languages,supported_languages,renamed,text_or_serialized_collection,text_or_serialized_collection,name mapping only; source definitions and serialization checked separately,CSV text; no native column type,JSON; see source and audit string conversion
fronkon_local,fronkon_json,tags,Tags,tags,renamed,text_or_serialized_collection,text_or_serialized_collection,name mapping only; source definitions and serialization checked separately,CSV text; no native column type,JSON; see source and audit string conversion
fronkon_local,fronkon_json,user_score,User score,user_score,renamed,numeric,numeric,name mapping only; source definitions and serialization checked separately,CSV text; no native column type,JSON; see source and audit string conversion
fronkon_local,fronkon_json,website,Website,website,renamed,text_or_serialized_collection,text_or_serialized_collection,name mapping only; source definitions and serialization checked separately,CSV text; no native column type,JSON; see source and audit string conversion
fronkon_local,fronkon_json,windows,Windows,windows,renamed,boolean_text,boolean_text,name mapping only; source definitions and serialization checked separately,CSV text; no native column type,JSON; see source and audit string conversion
fronkon_local,artem_games_march2025_full,about_the_game,About the game,about_the_game,renamed,text_or_serialized_collection,text_or_serialized_collection,name mapping only; source definitions and serialization checked separately,CSV text; no native column type,CSV text; no native column type
fronkon_local,artem_games_march2025_full,achievements,Achievements,achievements,renamed,numeric,numeric,name mapping only; source definitions and serialization checked separately,CSV text; no native column type,CSV text; no native column type
fronkon_local,artem_games_march2025_full,app_id,AppID,appid,renamed,text_or_serialized_collection,text_or_serialized_collection,name mapping only; source definitions and serialization checked separately,CSV text; no native column type,CSV text; no native column type
fronkon_local,artem_games_march2025_full,average_playtime_2weeks,Average playtime two weeks,average_playtime_2weeks,renamed,numeric,numeric,name mapping only; source definitions and serialization checked separately,CSV text; no native column type,CSV text; no native column type
fronkon_local,artem_games_march2025_full,average_playtime_forever,Average playtime forever,average_playtime_forever,renamed,numeric,numeric,name mapping only; source definitions and serialization checked separately,CSV text; no native column type,CSV text; no native column type
fronkon_local,artem_games_march2025_full,categories,Categories,categories,renamed,text_or_serialized_collection,text_or_serialized_collection,name mapping only; source definitions and serialization checked separately,CSV text; no native column type,CSV text; no native column type
fronkon_local,artem_games_march2025_full,detailed_description,,detailed_description,right_only,,text_or_serialized_collection,name mapping only; source definitions and serialization checked separately,CSV text; no native column type,CSV text; no native column type
fronkon_local,artem_games_march2025_full,developers,Developers,developers,renamed,text_or_serialized_collection,text_or_serialized_collection,name mapping only; source definitions and serialization checked separately,CSV text; no native column type,CSV text; no native column type
fronkon_local,artem_games_march2025_full,discount,Discount,discount,renamed,numeric,numeric,name mapping only; source definitions and serialization checked separately,CSV text; no native column type,CSV text; no native column type
fronkon_local,artem_games_march2025_full,dlc_count,DLC count,dlc_count,renamed,numeric,numeric,name mapping only; source definitions and serialization checked separately,CSV text; no native column type,CSV text; no native column type
fronkon_local,artem_games_march2025_full,estimated_owners,Estimated owners,estimated_owners,renamed,text_or_serialized_collection,text_or_serialized_collection,name mapping only; source definitions and serialization checked separately,CSV text; no native column type,CSV text; no native column type
fronkon_local,artem_games_march2025_full,full_audio_languages,Full audio languages,full_audio_languages,renamed,text_or_serialized_collection,text_or_serialized_collection,name mapping only; source definitions and serialization checked separately,CSV text; no native column type,CSV text; no native column type
fronkon_local,artem_games_march2025_full,genres,Genres,genres,renamed,text_or_serialized_collection,text_or_serialized_collection,name mapping only; source definitions and serialization checked separately,CSV text; no native column type,CSV text; no native column type
fronkon_local,artem_games_march2025_full,header_image,Header image,header_image,renamed,text_or_serialized_collection,text_or_serialized_collection,name mapping only; source definitions and serialization checked separately,CSV text; no native column type,CSV text; no native column type
fronkon_local,artem_games_march2025_full,linux,Linux,linux,renamed,boolean_text,boolean_text,name mapping only; source definitions and serialization checked separately,CSV text; no native column type,CSV text; no native column type
fronkon_local,artem_games_march2025_full,mac,Mac,mac,renamed,boolean_text,boolean_text,name mapping only; source definitions and serialization checked separately,CSV text; no native column type,CSV text; no native column type
fronkon_local,artem_games_march2025_full,median_playtime_2weeks,Median playtime two weeks,median_playtime_2weeks,renamed,numeric,numeric,name mapping only; source definitions and serialization checked separately,CSV text; no native column type,CSV text; no native column type
fronkon_local,artem_games_march2025_full,median_playtime_forever,Median playtime forever,median_playtime_forever,renamed,numeric,numeric,name mapping only; source definitions and serialization checked separately,CSV text; no native column type,CSV text; no native column type
fronkon_local,artem_games_march2025_full,metacritic_score,Metacritic score,metacritic_score,renamed,numeric,numeric,name mapping only; source definitions and serialization checked separately,CSV text; no native column type,CSV text; no native column type
fronkon_local,artem_games_march2025_full,metacritic_url,Metacritic url,metacritic_url,renamed,text_or_serialized_collection,text_or_serialized_collection,name mapping only; source definitions and serialization checked separately,CSV text; no native column type,CSV text; no native column type
fronkon_local,artem_games_march2025_full,movies,Movies,movies,renamed,empty,text_or_serialized_collection,name mapping only; source definitions and serialization checked separately,CSV text; no native column type,CSV text; no native column type
fronkon_local,artem_games_march2025_full,name,Name,name,renamed,text_or_serialized_collection,text_or_serialized_collection,name mapping only; source definitions and serialization checked separately,CSV text; no native column type,CSV text; no native column type
fronkon_local,artem_games_march2025_full,negative,Negative,negative,renamed,numeric,numeric,name mapping only; source definitions and serialization checked separately,CSV text; no native column type,CSV text; no native column type
fronkon_local,artem_games_march2025_full,notes,Notes,notes,renamed,text_or_serialized_collection,text_or_serialized_collection,name mapping only; source definitions and serialization checked separately,CSV text; no native column type,CSV text; no native column type
fronkon_local,artem_games_march2025_full,num_reviews_recent,,num_reviews_recent,right_only,,numeric,name mapping only; source definitions and serialization checked separately,CSV text; no native column type,CSV text; no native column type
fronkon_local,artem_games_march2025_full,num_reviews_total,,num_reviews_total,right_only,,numeric,name mapping only; source definitions and serialization checked separately,CSV text; no native column type,CSV text; no native column type
fronkon_local,artem_games_march2025_full,packages,,packages,right_only,,text_or_serialized_collection,name mapping only; source definitions and serialization checked separately,CSV text; no native column type,CSV text; no native column type
fronkon_local,artem_games_march2025_full,pct_pos_recent,,pct_pos_recent,right_only,,numeric,name mapping only; source definitions and serialization checked separately,CSV text; no native column type,CSV text; no native column type
fronkon_local,artem_games_march2025_full,pct_pos_total,,pct_pos_total,right_only,,numeric,name mapping only; source definitions and serialization checked separately,CSV text; no native column type,CSV text; no native column type
fronkon_local,artem_games_march2025_full,peak_ccu,Peak CCU,peak_ccu,renamed,numeric,numeric,name mapping only; source definitions and serialization checked separately,CSV text; no native column type,CSV text; no native column type
fronkon_local,artem_games_march2025_full,positive,Positive,positive,renamed,numeric,numeric,name mapping only; source definitions and serialization checked separately,CSV text; no native column type,CSV text; no native column type
fronkon_local,artem_games_march2025_full,price,Price,price,renamed,numeric,numeric,name mapping only; source definitions and serialization checked separately,CSV text; no native column type,CSV text; no native column type
fronkon_local,artem_games_march2025_full,publishers,Publishers,publishers,renamed,text_or_serialized_collection,text_or_serialized_collection,name mapping only; source definitions and serialization checked separately,CSV text; no native column type,CSV text; no native column type
fronkon_local,artem_games_march2025_full,recommendations,Recommendations,recommendations,renamed,numeric,numeric,name mapping only; source definitions and serialization checked separately,CSV text; no native column type,CSV text; no native column type
fronkon_local,artem_games_march2025_full,release_date,Release date,release_date,renamed,date_text,date_text,name mapping only; source definitions and serialization checked separately,CSV text; no native column type,CSV text; no native column type
fronkon_local,artem_games_march2025_full,required_age,Required age,required_age,renamed,numeric,numeric,name mapping only; source definitions and serialization checked separately,CSV text; no native column type,CSV text; no native column type
fronkon_local,artem_games_march2025_full,reviews,Reviews,reviews,renamed,numeric_with_parse_failures,numeric_with_parse_failures,name mapping only; source definitions and serialization checked separately,CSV text; no native column type,CSV text; no native column type
fronkon_local,artem_games_march2025_full,score_rank,Score rank,score_rank,renamed,numeric,numeric,name mapping only; source definitions and serialization checked separately,CSV text; no native column type,CSV text; no native column type
fronkon_local,artem_games_march2025_full,screenshots,Screenshots,screenshots,renamed,text_or_serialized_collection,text_or_serialized_collection,name mapping only; source definitions and serialization checked separately,CSV text; no native column type,CSV text; no native column type
fronkon_local,artem_games_march2025_full,short_description,,short_description,right_only,,text_or_serialized_collection,name mapping only; source definitions and serialization checked separately,CSV text; no native column type,CSV text; no native column type
fronkon_local,artem_games_march2025_full,support_email,Support email,support_email,renamed,text_or_serialized_collection,text_or_serialized_collection,name mapping only; source definitions and serialization checked separately,CSV text; no native column type,CSV text; no native column type
fronkon_local,artem_games_march2025_full,support_url,Support url,support_url,renamed,text_or_serialized_collection,text_or_serialized_collection,name mapping only; source definitions and serialization checked separately,CSV text; no native column type,CSV text; no native column type
fronkon_local,artem_games_march2025_full,supported_languages,Supported languages,supported_languages,renamed,text_or_serialized_collection,text_or_serialized_collection,name mapping only; source definitions and serialization checked separately,CSV text; no native column type,CSV text; no native column type
fronkon_local,artem_games_march2025_full,tags,Tags,tags,renamed,text_or_serialized_collection,text_or_serialized_collection,name mapping only; source definitions and serialization checked separately,CSV text; no native column type,CSV text; no native column type
fronkon_local,artem_games_march2025_full,user_score,User score,user_score,renamed,numeric,numeric,name mapping only; source definitions and serialization checked separately,CSV text; no native column type,CSV text; no native column type
fronkon_local,artem_games_march2025_full,website,Website,website,renamed,text_or_serialized_collection,text_or_serialized_collection,name mapping only; source definitions and serialization checked separately,CSV text; no native column type,CSV text; no native column type
fronkon_local,artem_games_march2025_full,windows,Windows,windows,renamed,boolean_text,boolean_text,name mapping only; source definitions and serialization checked separately,CSV text; no native column type,CSV text; no native column type
artem_games_march2025_full,artem_games_march2025_cleaned,about_the_game,about_the_game,about_the_game,matched,text_or_serialized_collection,text_or_serialized_collection,name mapping only; source definitions and serialization checked separately,CSV text; no native column type,CSV text; no native column type
artem_games_march2025_full,artem_games_march2025_cleaned,achievements,achievements,achievements,matched,numeric,numeric,name mapping only; source definitions and serialization checked separately,CSV text; no native column type,CSV text; no native column type
artem_games_march2025_full,artem_games_march2025_cleaned,app_id,appid,appid,matched,text_or_serialized_collection,text_or_serialized_collection,name mapping only; source definitions and serialization checked separately,CSV text; no native column type,CSV text; no native column type
artem_games_march2025_full,artem_games_march2025_cleaned,average_playtime_2weeks,average_playtime_2weeks,average_playtime_2weeks,matched,numeric,numeric,name mapping only; source definitions and serialization checked separately,CSV text; no native column type,CSV text; no native column type
artem_games_march2025_full,artem_games_march2025_cleaned,average_playtime_forever,average_playtime_forever,average_playtime_forever,matched,numeric,numeric,name mapping only; source definitions and serialization checked separately,CSV text; no native column type,CSV text; no native column type
artem_games_march2025_full,artem_games_march2025_cleaned,categories,categories,categories,matched,text_or_serialized_collection,text_or_serialized_collection,name mapping only; source definitions and serialization checked separately,CSV text; no native column type,CSV text; no native column type
artem_games_march2025_full,artem_games_march2025_cleaned,detailed_description,detailed_description,detailed_description,matched,text_or_serialized_collection,text_or_serialized_collection,name mapping only; source definitions and serialization checked separately,CSV text; no native column type,CSV text; no native column type
artem_games_march2025_full,artem_games_march2025_cleaned,developers,developers,developers,matched,text_or_serialized_collection,text_or_serialized_collection,name mapping only; source definitions and serialization checked separately,CSV text; no native column type,CSV text; no native column type
artem_games_march2025_full,artem_games_march2025_cleaned,discount,discount,discount,matched,numeric,numeric,name mapping only; source definitions and serialization checked separately,CSV text; no native column type,CSV text; no native column type
artem_games_march2025_full,artem_games_march2025_cleaned,dlc_count,dlc_count,dlc_count,matched,numeric,numeric,name mapping only; source definitions and serialization checked separately,CSV text; no native column type,CSV text; no native column type
artem_games_march2025_full,artem_games_march2025_cleaned,estimated_owners,estimated_owners,estimated_owners,matched,text_or_serialized_collection,text_or_serialized_collection,name mapping only; source definitions and serialization checked separately,CSV text; no native column type,CSV text; no native column type
artem_games_march2025_full,artem_games_march2025_cleaned,full_audio_languages,full_audio_languages,full_audio_languages,matched,text_or_serialized_collection,text_or_serialized_collection,name mapping only; source definitions and serialization checked separately,CSV text; no native column type,CSV text; no native column type
artem_games_march2025_full,artem_games_march2025_cleaned,genres,genres,genres,matched,text_or_serialized_collection,text_or_serialized_collection,name mapping only; source definitions and serialization checked separately,CSV text; no native column type,CSV text; no native column type
artem_games_march2025_full,artem_games_march2025_cleaned,header_image,header_image,header_image,matched,text_or_serialized_collection,text_or_serialized_collection,name mapping only; source definitions and serialization checked separately,CSV text; no native column type,CSV text; no native column type
artem_games_march2025_full,artem_games_march2025_cleaned,linux,linux,linux,matched,boolean_text,boolean_text,name mapping only; source definitions and serialization checked separately,CSV text; no native column type,CSV text; no native column type
artem_games_march2025_full,artem_games_march2025_cleaned,mac,mac,mac,matched,boolean_text,boolean_text,name mapping only; source definitions and serialization checked separately,CSV text; no native column type,CSV text; no native column type
artem_games_march2025_full,artem_games_march2025_cleaned,median_playtime_2weeks,median_playtime_2weeks,median_playtime_2weeks,matched,numeric,numeric,name mapping only; source definitions and serialization checked separately,CSV text; no native column type,CSV text; no native column type
artem_games_march2025_full,artem_games_march2025_cleaned,median_playtime_forever,median_playtime_forever,median_playtime_forever,matched,numeric,numeric,name mapping only; source definitions and serialization checked separately,CSV text; no native column type,CSV text; no native column type
artem_games_march2025_full,artem_games_march2025_cleaned,metacritic_score,metacritic_score,metacritic_score,matched,numeric,numeric,name mapping only; source definitions and serialization checked separately,CSV text; no native column type,CSV text; no native column type
artem_games_march2025_full,artem_games_march2025_cleaned,metacritic_url,metacritic_url,metacritic_url,matched,text_or_serialized_collection,text_or_serialized_collection,name mapping only; source definitions and serialization checked separately,CSV text; no native column type,CSV text; no native column type
artem_games_march2025_full,artem_games_march2025_cleaned,movies,movies,movies,matched,text_or_serialized_collection,text_or_serialized_collection,name mapping only; source definitions and serialization checked separately,CSV text; no native column type,CSV text; no native column type
artem_games_march2025_full,artem_games_march2025_cleaned,name,name,name,matched,text_or_serialized_collection,text_or_serialized_collection,name mapping only; source definitions and serialization checked separately,CSV text; no native column type,CSV text; no native column type
artem_games_march2025_full,artem_games_march2025_cleaned,negative,negative,negative,matched,numeric,numeric,name mapping only; source definitions and serialization checked separately,CSV text; no native column type,CSV text; no native column type
artem_games_march2025_full,artem_games_march2025_cleaned,notes,notes,notes,matched,text_or_serialized_collection,text_or_serialized_collection,name mapping only; source definitions and serialization checked separately,CSV text; no native column type,CSV text; no native column type
artem_games_march2025_full,artem_games_march2025_cleaned,num_reviews_recent,num_reviews_recent,num_reviews_recent,matched,numeric,numeric,name mapping only; source definitions and serialization checked separately,CSV text; no native column type,CSV text; no native column type
artem_games_march2025_full,artem_games_march2025_cleaned,num_reviews_total,num_reviews_total,num_reviews_total,matched,numeric,numeric,name mapping only; source definitions and serialization checked separately,CSV text; no native column type,CSV text; no native column type
artem_games_march2025_full,artem_games_march2025_cleaned,packages,packages,packages,matched,text_or_serialized_collection,text_or_serialized_collection,name mapping only; source definitions and serialization checked separately,CSV text; no native column type,CSV text; no native column type
artem_games_march2025_full,artem_games_march2025_cleaned,pct_pos_recent,pct_pos_recent,pct_pos_recent,matched,numeric,numeric,name mapping only; source definitions and serialization checked separately,CSV text; no native column type,CSV text; no native column type
artem_games_march2025_full,artem_games_march2025_cleaned,pct_pos_total,pct_pos_total,pct_pos_total,matched,numeric,numeric,name mapping only; source definitions and serialization checked separately,CSV text; no native column type,CSV text; no native column type
artem_games_march2025_full,artem_games_march2025_cleaned,peak_ccu,peak_ccu,peak_ccu,matched,numeric,numeric,name mapping only; source definitions and serialization checked separately,CSV text; no native column type,CSV text; no native column type
artem_games_march2025_full,artem_games_march2025_cleaned,positive,positive,positive,matched,numeric,numeric,name mapping only; source definitions and serialization checked separately,CSV text; no native column type,CSV text; no native column type
artem_games_march2025_full,artem_games_march2025_cleaned,price,price,price,matched,numeric,numeric,name mapping only; source definitions and serialization checked separately,CSV text; no native column type,CSV text; no native column type
artem_games_march2025_full,artem_games_march2025_cleaned,publishers,publishers,publishers,matched,text_or_serialized_collection,text_or_serialized_collection,name mapping only; source definitions and serialization checked separately,CSV text; no native column type,CSV text; no native column type
artem_games_march2025_full,artem_games_march2025_cleaned,recommendations,recommendations,recommendations,matched,numeric,numeric,name mapping only; source definitions and serialization checked separately,CSV text; no native column type,CSV text; no native column type
artem_games_march2025_full,artem_games_march2025_cleaned,release_date,release_date,release_date,matched,date_text,date_text,name mapping only; source definitions and serialization checked separately,CSV text; no native column type,CSV text; no native column type
artem_games_march2025_full,artem_games_march2025_cleaned,required_age,required_age,required_age,matched,numeric,numeric,name mapping only; source definitions and serialization checked separately,CSV text; no native column type,CSV text; no native column type
artem_games_march2025_full,artem_games_march2025_cleaned,reviews,reviews,reviews,matched,numeric_with_parse_failures,numeric_with_parse_failures,name mapping only; source definitions and serialization checked separately,CSV text; no native column type,CSV text; no native column type
artem_games_march2025_full,artem_games_march2025_cleaned,score_rank,score_rank,score_rank,matched,numeric,numeric,name mapping only; source definitions and serialization checked separately,CSV text; no native column type,CSV text; no native column type
artem_games_march2025_full,artem_games_march2025_cleaned,screenshots,screenshots,screenshots,matched,text_or_serialized_collection,text_or_serialized_collection,name mapping only; source definitions and serialization checked separately,CSV text; no native column type,CSV text; no native column type
artem_games_march2025_full,artem_games_march2025_cleaned,short_description,short_description,short_description,matched,text_or_serialized_collection,text_or_serialized_collection,name mapping only; source definitions and serialization checked separately,CSV text; no native column type,CSV text; no native column type
artem_games_march2025_full,artem_games_march2025_cleaned,support_email,support_email,support_email,matched,text_or_serialized_collection,text_or_serialized_collection,name mapping only; source definitions and serialization checked separately,CSV text; no native column type,CSV text; no native column type
artem_games_march2025_full,artem_games_march2025_cleaned,support_url,support_url,support_url,matched,text_or_serialized_collection,text_or_serialized_collection,name mapping only; source definitions and serialization checked separately,CSV text; no native column type,CSV text; no native column type
artem_games_march2025_full,artem_games_march2025_cleaned,supported_languages,supported_languages,supported_languages,matched,text_or_serialized_collection,text_or_serialized_collection,name mapping only; source definitions and serialization checked separately,CSV text; no native column type,CSV text; no native column type
artem_games_march2025_full,artem_games_march2025_cleaned,tags,tags,tags,matched,text_or_serialized_collection,text_or_serialized_collection,name mapping only; source definitions and serialization checked separately,CSV text; no native column type,CSV text; no native column type
artem_games_march2025_full,artem_games_march2025_cleaned,user_score,user_score,user_score,matched,numeric,numeric,name mapping only; source definitions and serialization checked separately,CSV text; no native column type,CSV text; no native column type
artem_games_march2025_full,artem_games_march2025_cleaned,website,website,website,matched,text_or_serialized_collection,text_or_serialized_collection,name mapping only; source definitions and serialization checked separately,CSV text; no native column type,CSV text; no native column type
artem_games_march2025_full,artem_games_march2025_cleaned,windows,windows,windows,matched,boolean_text,boolean_text,name mapping only; source definitions and serialization checked separately,CSV text; no native column type,CSV text; no native column type
artem_games_may2024_full,artem_games_may2024_cleaned,about_the_game,about_the_game,about_the_game,matched,text_or_serialized_collection,text_or_serialized_collection,name mapping only; source definitions and serialization checked separately,CSV text; no native column type,CSV text; no native column type
artem_games_may2024_full,artem_games_may2024_cleaned,achievements,achievements,achievements,matched,numeric,numeric,name mapping only; source definitions and serialization checked separately,CSV text; no native column type,CSV text; no native column type
artem_games_may2024_full,artem_games_may2024_cleaned,app_id,AppID,AppID,matched,text_or_serialized_collection,text_or_serialized_collection,name mapping only; source definitions and serialization checked separately,CSV text; no native column type,CSV text; no native column type
artem_games_may2024_full,artem_games_may2024_cleaned,average_playtime_2weeks,average_playtime_2weeks,average_playtime_2weeks,matched,numeric,numeric,name mapping only; source definitions and serialization checked separately,CSV text; no native column type,CSV text; no native column type
artem_games_may2024_full,artem_games_may2024_cleaned,average_playtime_forever,average_playtime_forever,average_playtime_forever,matched,numeric,numeric,name mapping only; source definitions and serialization checked separately,CSV text; no native column type,CSV text; no native column type
artem_games_may2024_full,artem_games_may2024_cleaned,categories,categories,categories,matched,text_or_serialized_collection,text_or_serialized_collection,name mapping only; source definitions and serialization checked separately,CSV text; no native column type,CSV text; no native column type
artem_games_may2024_full,artem_games_may2024_cleaned,detailed_description,detailed_description,detailed_description,matched,text_or_serialized_collection,text_or_serialized_collection,name mapping only; source definitions and serialization checked separately,CSV text; no native column type,CSV text; no native column type
artem_games_may2024_full,artem_games_may2024_cleaned,developers,developers,developers,matched,text_or_serialized_collection,text_or_serialized_collection,name mapping only; source definitions and serialization checked separately,CSV text; no native column type,CSV text; no native column type
artem_games_may2024_full,artem_games_may2024_cleaned,dlc_count,dlc_count,dlc_count,matched,numeric,numeric,name mapping only; source definitions and serialization checked separately,CSV text; no native column type,CSV text; no native column type
artem_games_may2024_full,artem_games_may2024_cleaned,estimated_owners,estimated_owners,estimated_owners,matched,text_or_serialized_collection,text_or_serialized_collection,name mapping only; source definitions and serialization checked separately,CSV text; no native column type,CSV text; no native column type
artem_games_may2024_full,artem_games_may2024_cleaned,full_audio_languages,full_audio_languages,full_audio_languages,matched,text_or_serialized_collection,text_or_serialized_collection,name mapping only; source definitions and serialization checked separately,CSV text; no native column type,CSV text; no native column type
artem_games_may2024_full,artem_games_may2024_cleaned,genres,genres,genres,matched,text_or_serialized_collection,text_or_serialized_collection,name mapping only; source definitions and serialization checked separately,CSV text; no native column type,CSV text; no native column type
artem_games_may2024_full,artem_games_may2024_cleaned,header_image,header_image,header_image,matched,text_or_serialized_collection,text_or_serialized_collection,name mapping only; source definitions and serialization checked separately,CSV text; no native column type,CSV text; no native column type
artem_games_may2024_full,artem_games_may2024_cleaned,linux,linux,linux,matched,boolean_text,boolean_text,name mapping only; source definitions and serialization checked separately,CSV text; no native column type,CSV text; no native column type
artem_games_may2024_full,artem_games_may2024_cleaned,mac,mac,mac,matched,boolean_text,boolean_text,name mapping only; source definitions and serialization checked separately,CSV text; no native column type,CSV text; no native column type
artem_games_may2024_full,artem_games_may2024_cleaned,median_playtime_2weeks,median_playtime_2weeks,median_playtime_2weeks,matched,numeric,numeric,name mapping only; source definitions and serialization checked separately,CSV text; no native column type,CSV text; no native column type
artem_games_may2024_full,artem_games_may2024_cleaned,median_playtime_forever,median_playtime_forever,median_playtime_forever,matched,numeric,numeric,name mapping only; source definitions and serialization checked separately,CSV text; no native column type,CSV text; no native column type
artem_games_may2024_full,artem_games_may2024_cleaned,metacritic_score,metacritic_score,metacritic_score,matched,numeric,numeric,name mapping only; source definitions and serialization checked separately,CSV text; no native column type,CSV text; no native column type
artem_games_may2024_full,artem_games_may2024_cleaned,metacritic_url,metacritic_url,metacritic_url,matched,text_or_serialized_collection,text_or_serialized_collection,name mapping only; source definitions and serialization checked separately,CSV text; no native column type,CSV text; no native column type
artem_games_may2024_full,artem_games_may2024_cleaned,movies,movies,movies,matched,text_or_serialized_collection,text_or_serialized_collection,name mapping only; source definitions and serialization checked separately,CSV text; no native column type,CSV text; no native column type
artem_games_may2024_full,artem_games_may2024_cleaned,name,name,name,matched,text_or_serialized_collection,text_or_serialized_collection,name mapping only; source definitions and serialization checked separately,CSV text; no native column type,CSV text; no native column type
artem_games_may2024_full,artem_games_may2024_cleaned,negative,negative,negative,matched,numeric,numeric,name mapping only; source definitions and serialization checked separately,CSV text; no native column type,CSV text; no native column type
artem_games_may2024_full,artem_games_may2024_cleaned,notes,notes,notes,matched,text_or_serialized_collection,text_or_serialized_collection,name mapping only; source definitions and serialization checked separately,CSV text; no native column type,CSV text; no native column type
artem_games_may2024_full,artem_games_may2024_cleaned,num_reviews_recent,num_reviews_recent,num_reviews_recent,matched,numeric,numeric,name mapping only; source definitions and serialization checked separately,CSV text; no native column type,CSV text; no native column type
artem_games_may2024_full,artem_games_may2024_cleaned,num_reviews_total,num_reviews_total,num_reviews_total,matched,numeric,numeric,name mapping only; source definitions and serialization checked separately,CSV text; no native column type,CSV text; no native column type
artem_games_may2024_full,artem_games_may2024_cleaned,packages,packages,packages,matched,text_or_serialized_collection,text_or_serialized_collection,name mapping only; source definitions and serialization checked separately,CSV text; no native column type,CSV text; no native column type
artem_games_may2024_full,artem_games_may2024_cleaned,pct_pos_recent,pct_pos_recent,pct_pos_recent,matched,numeric,numeric,name mapping only; source definitions and serialization checked separately,CSV text; no native column type,CSV text; no native column type
artem_games_may2024_full,artem_games_may2024_cleaned,pct_pos_total,pct_pos_total,pct_pos_total,matched,numeric,numeric,name mapping only; source definitions and serialization checked separately,CSV text; no native column type,CSV text; no native column type
artem_games_may2024_full,artem_games_may2024_cleaned,peak_ccu,peak_ccu,peak_ccu,matched,numeric,numeric,name mapping only; source definitions and serialization checked separately,CSV text; no native column type,CSV text; no native column type
artem_games_may2024_full,artem_games_may2024_cleaned,positive,positive,positive,matched,numeric,numeric,name mapping only; source definitions and serialization checked separately,CSV text; no native column type,CSV text; no native column type
artem_games_may2024_full,artem_games_may2024_cleaned,price,price,price,matched,numeric,numeric,name mapping only; source definitions and serialization checked separately,CSV text; no native column type,CSV text; no native column type
artem_games_may2024_full,artem_games_may2024_cleaned,publishers,publishers,publishers,matched,text_or_serialized_collection,text_or_serialized_collection,name mapping only; source definitions and serialization checked separately,CSV text; no native column type,CSV text; no native column type
artem_games_may2024_full,artem_games_may2024_cleaned,recommendations,recommendations,recommendations,matched,numeric,numeric,name mapping only; source definitions and serialization checked separately,CSV text; no native column type,CSV text; no native column type
artem_games_may2024_full,artem_games_may2024_cleaned,release_date,release_date,release_date,matched,date_text,date_text,name mapping only; source definitions and serialization checked separately,CSV text; no native column type,CSV text; no native column type
artem_games_may2024_full,artem_games_may2024_cleaned,required_age,required_age,required_age,matched,numeric,numeric,name mapping only; source definitions and serialization checked separately,CSV text; no native column type,CSV text; no native column type
artem_games_may2024_full,artem_games_may2024_cleaned,reviews,reviews,reviews,matched,numeric_with_parse_failures,numeric_with_parse_failures,name mapping only; source definitions and serialization checked separately,CSV text; no native column type,CSV text; no native column type
artem_games_may2024_full,artem_games_may2024_cleaned,score_rank,score_rank,score_rank,matched,numeric,numeric,name mapping only; source definitions and serialization checked separately,CSV text; no native column type,CSV text; no native column type
artem_games_may2024_full,artem_games_may2024_cleaned,screenshots,screenshots,screenshots,matched,text_or_serialized_collection,text_or_serialized_collection,name mapping only; source definitions and serialization checked separately,CSV text; no native column type,CSV text; no native column type
artem_games_may2024_full,artem_games_may2024_cleaned,short_description,short_description,short_description,matched,text_or_serialized_collection,text_or_serialized_collection,name mapping only; source definitions and serialization checked separately,CSV text; no native column type,CSV text; no native column type
artem_games_may2024_full,artem_games_may2024_cleaned,support_email,support_email,support_email,matched,text_or_serialized_collection,text_or_serialized_collection,name mapping only; source definitions and serialization checked separately,CSV text; no native column type,CSV text; no native column type
artem_games_may2024_full,artem_games_may2024_cleaned,support_url,support_url,support_url,matched,text_or_serialized_collection,text_or_serialized_collection,name mapping only; source definitions and serialization checked separately,CSV text; no native column type,CSV text; no native column type
artem_games_may2024_full,artem_games_may2024_cleaned,supported_languages,supported_languages,supported_languages,matched,text_or_serialized_collection,text_or_serialized_collection,name mapping only; source definitions and serialization checked separately,CSV text; no native column type,CSV text; no native column type
artem_games_may2024_full,artem_games_may2024_cleaned,tags,tags,tags,matched,text_or_serialized_collection,text_or_serialized_collection,name mapping only; source definitions and serialization checked separately,CSV text; no native column type,CSV text; no native column type
artem_games_may2024_full,artem_games_may2024_cleaned,user_score,user_score,user_score,matched,numeric,numeric,name mapping only; source definitions and serialization checked separately,CSV text; no native column type,CSV text; no native column type
artem_games_may2024_full,artem_games_may2024_cleaned,website,website,website,matched,text_or_serialized_collection,text_or_serialized_collection,name mapping only; source definitions and serialization checked separately,CSV text; no native column type,CSV text; no native column type
artem_games_may2024_full,artem_games_may2024_cleaned,windows,windows,windows,matched,boolean_text,boolean_text,name mapping only; source definitions and serialization checked separately,CSV text; no native column type,CSV text; no native column type
